{
  "parent": "minecraft:item/generated",
  "textures": {
    "layer0": "minecraft:item/diamond_horse_armor"
  },
  "overrides": [
		{
            "predicate": {
              "custom_model_data": 1000
            },
            "model": "movements:item/gun/ep5"
        },
                {
            "predicate": {
              "custom_model_data": 1001
            },
            "model": "movements:item/gun/ep5_reload1"
        },
                {
            "predicate": {
              "custom_model_data": 1002
            },
            "model": "movements:item/gun/ep5_reload2"
        }
    ]
}