{
  "parent": "minecraft:item/generated",
  "textures": {
    "layer0": "minecraft:item/music_disc_stal"
  },
  "overrides": [
		
		{
            "predicate": {
              "custom_model_data": 1000
            },
            "model": "movements:item/gun/ak47"
        },
		{
            "predicate": {
              "custom_model_data": 1001
            },
            "model": "movements:item/gun/ak47_reload1"
        },
		{
            "predicate": {
              "custom_model_data": 1002
            },
            "model": "movements:item/gun/ak47_reload2"
        },
		{
            "predicate": {
              "custom_model_data": 1003
            },
            "model": "movements:item/gun/ivory/ivory_ak47"
        },
		{
            "predicate": {
              "custom_model_data": 1004
	    },
            "model": "movements:item/gun/ivory/ivory_ak47_reload1"
        },
		{
            "predicate": {
              "custom_model_data": 1005
            },
            "model": "movements:item/gun/ivory/ivory_ak47_reload2"
        }
    ]
}