{
  "parent": "minecraft:item/generated",
  "textures": {
    "layer0": "minecraft:item/music_disc_wait"
  },
  "overrides": [
		
		{
            "predicate": {
              "custom_model_data": 1000
            },
            "model": "movements:item/gun/hk416"
        },
		{
            "predicate": {
              "custom_model_data": 1001
            },
            "model": "movements:item/gun/hk416_reload1"
        },
		{
            "predicate": {
              "custom_model_data": 1002
            },
            "model": "movements:item/gun/hk416_reload2"
        },
		{
            "predicate": {
              "custom_model_data": 1003
            },
            "model": "movements:item/gun/hk416_aim"
        }
    ]
}