{
  "parent": "minecraft:item/generated",
  "textures": {
    "layer0": "minecraft:item/music_disc_blocks"
  },
  "overrides": [
		{
            "predicate": {
              "custom_model_data": 1000
            },
            "model": "movements:item/gun/magnum"
        },
		{
            "predicate": {
              "custom_model_data": 1001
            },
            "model": "movements:item/gun/magnum_reload1"
        },
		{
            "predicate": {
              "custom_model_data": 1002
            },
            "model": "movements:item/gun/magnum_reload2"
        },
		{
            "predicate": {
              "custom_model_data": 1003
            },
            "model": "movements:item/gun/magnum_reload3"
        },
		{
            "predicate": {
              "custom_model_data": 1004
            },
            "model": "movements:item/gun/magnum_reload4"
        },
		{
            "predicate": {
              "custom_model_data": 1005
            },
            "model": "movements:item/gun/magnum_reload5"
        },
		{
            "predicate": {
              "custom_model_data": 1006
            },
            "model": "movements:item/gun/magnum_reload6"
        }
    ]
}