{
  "parent": "minecraft:block/button_inventory",
  "textures": {
    "texture": "minecraft:block/stone"
  },
  "overrides": [
		
		{
            "predicate": {
              "custom_model_data": 1000
            },
            "model": "movements:item/props/tablet"
        },
		{
            "predicate": {
              "custom_model_data": 1001
            },
            "model": "movements:item/props/papers"
        },
		{
            "predicate": {
              "custom_model_data": 1002
            },
            "model": "movements:item/props/vending_machine"
        }
    ]
}