{
  "parent": "minecraft:item/handheld",
  "textures": {
    "layer0": "minecraft:item/carrot_on_a_stick"
  },
  "overrides": [
		
		{
            "predicate": {
              "custom_model_data": 1001
            },
            "model": "movements:item/card/level1card"
        },
		{
            "predicate": {
              "custom_model_data": 1002
            },
            "model": "movements:item/card/level2card"
        },
		{
            "predicate": {
              "custom_model_data": 1003
            },
            "model": "movements:item/card/level3card"
        },
		{
            "predicate": {
              "custom_model_data": 1004
            },
            "model": "movements:item/card/level4card"
        },
		{
            "predicate": {
              "custom_model_data": 1005
            },
            "model": "movements:item/card/level5card"
        },
		{
            "predicate": {
              "custom_model_data": 1006
            },
            "model": "movements:item/card/cicard"
        }
    ]
}