{
  "parent": "minecraft:item/generated",
  "textures": {
    "layer0": "minecraft:item/diamond_horse_armor"
  },
  "overrides": [
		{
            "predicate": {
              "custom_model_data": 1000
            },
            "model": "movements:item/gun/ep5_1"
        },
                {
            "predicate": {
              "custom_model_data": 1001
            },
            "model": "movements:item/gun/ep5_2"
        },
                {
            "predicate": {
              "custom_model_data": 1002
            },
            "model": "movements:item/gun/ep5_3"
        },
                {
            "predicate": {
              "custom_model_data": 1003
            },
            "model": "movements:item/gun/ep5_4"
        },
                {
            "predicate": {
              "custom_model_data": 1004
            },
            "model": "movements:item/gun/ep5_5"
        }
    ]
}