{
  "parent": "minecraft:item/generated",
  "textures": {
    "layer0": "minecraft:item/iron_horse_armor"
  },
  "overrides": [
		
		{
            "predicate": {
              "custom_model_data": 1000
            },
            "model": "movements:item/gun/ep14"
        },
                {
            "predicate": {
              "custom_model_data": 1001
            },
            "model": "movements:item/gun/ep14_reload"
        },
                {
            "predicate": {
              "custom_model_data": 1002
            },
            "model": "movements:item/gun/ep14_reload2"
        },
                {
            "predicate": {
              "custom_model_data": 1003
            },
            "model": "movements:item/gun/ep14_reload3"
        }
    ]
}