{
  "parent": "minecraft:item/generated",
  "textures": {
    "layer0": "minecraft:item/music_disc_strad"
  },
  "overrides": [
		
		{
            "predicate": {
              "custom_model_data": 1000
            },
            "model": "movements:item/gun/m16a1_1"
        },
		{
            "predicate": {
              "custom_model_data": 1001
            },
            "model": "movements:item/gun/m16a1_2"
        },
		{
            "predicate": {
              "custom_model_data": 1002
            },
            "model": "movements:item/gun/m16a1_3"
        },
		{
            "predicate": {
              "custom_model_data": 1003
            },
            "model": "movements:item/gun/m16a1_4"
        },
		{
            "predicate": {
              "custom_model_data": 1004
            },
            "model": "movements:item/gun/m16a1_5"
        }
    ]
}