{
  "parent": "minecraft:item/generated",
  "textures": {
    "layer0": "minecraft:item/music_disc_ward"
  },
  "overrides": [
		
		{
            "predicate": {
              "custom_model_data": 1000
            },
            "model": "movements:item/gun/ksg12_1"
        },
		{
            "predicate": {
              "custom_model_data": 1001
            },
            "model": "movements:item/gun/ksg12_2"
        },
		{
            "predicate": {
              "custom_model_data": 1002
            },
            "model": "movements:item/gun/ksg12_3"
        },
		{
            "predicate": {
              "custom_model_data": 1003
            },
            "model": "movements:item/gun/ksg12_4"
        },
		{
            "predicate": {
              "custom_model_data": 1004
            },
            "model": "movements:item/gun/ksg12_5"
        },
		{
            "predicate": {
              "custom_model_data": 1005
            },
            "model": "movements:item/gun/ksg12_6"
        }
    ]
}