{
  "parent": "minecraft:item/generated",
  "textures": {
    "layer0": "minecraft:item/music_disc_mellohi"
  },
  "overrides": [
		
		{
            "predicate": {
              "custom_model_data": 1000
            },
            "model": "movements:item/gun/p90_1"
        },
		{
            "predicate": {
              "custom_model_data": 1001
            },
            "model": "movements:item/gun/p90_2"
        },
		{
            "predicate": {
              "custom_model_data": 1002
            },
            "model": "movements:item/gun/p90_3"
        },
		{
            "predicate": {
              "custom_model_data": 1003
            },
            "model": "movements:item/gun/p90_4"
        },
		{
            "predicate": {
              "custom_model_data": 1004
            },
            "model": "movements:item/gun/p90_5"
        },
		{
            "predicate": {
              "custom_model_data": 1005
            },
            "model": "movements:item/gun/p90_6"
        },
		{
            "predicate": {
              "custom_model_data": 1006
            },
            "model": "movements:item/gun/p90_7"
        },
		{
            "predicate": {
              "custom_model_data": 1007
            },
            "model": "movements:item/gun/p90_8"
        },
		{
            "predicate": {
              "custom_model_data": 1008
            },
            "model": "movements:item/gun/p90_9"
        },
		{
            "predicate": {
              "custom_model_data": 1009
            },
            "model": "movements:item/gun/p90_10"
        },
		{
            "predicate": {
              "custom_model_data": 1011
            },
            "model": "movements:item/gun/p90_11"
        },
		{
            "predicate": {
              "custom_model_data": 1012
            },
            "model": "movements:item/gun/p90_12"
        },
		{
            "predicate": {
              "custom_model_data": 1013
            },
            "model": "movements:item/gun/p90_13"
        },
		{
            "predicate": {
              "custom_model_data": 1014
            },
            "model": "movements:item/gun/p90_14"
        },
		{
            "predicate": {
              "custom_model_data": 1015
            },
            "model": "movements:item/gun/p90_15"
        },
		{
            "predicate": {
              "custom_model_data": 1016
            },
            "model": "movements:item/gun/p90_16"
        },
		{
            "predicate": {
              "custom_model_data": 1017
            },
            "model": "movements:item/gun/p90_17"
        },
		{
            "predicate": {
              "custom_model_data": 1018
            },
            "model": "movements:item/gun/p90_18"
        },
		{
            "predicate": {
              "custom_model_data": 1019
            },
            "model": "movements:item/gun/p90_19"
        },
		{
            "predicate": {
              "custom_model_data": 1020
            },
            "model": "movements:item/gun/p90_20"
        },
		{
            "predicate": {
              "custom_model_data": 1021
            },
            "model": "movements:item/gun/p90_21"
        }
    ]
}