{
  "parent": "minecraft:item/generated",
  "textures": {
    "layer0": "minecraft:item/music_disc_stal"
  },
  "overrides": [
		
		{
            "predicate": {
              "custom_model_data": 1000
            },
            "model": "movements:item/gun/ak47_1"
        },
		{
            "predicate": {
              "custom_model_data": 1001
            },
            "model": "movements:item/gun/ak47_2"
        },
		{
            "predicate": {
              "custom_model_data": 1002
            },
            "model": "movements:item/gun/ak47_3"
        },
		{
            "predicate": {
              "custom_model_data": 1003
            },
            "model": "movements:item/gun/ak47_4"
        },
		{
            "predicate": {
              "custom_model_data": 1004
            },
            "model": "movements:item/gun/ak47_5"
        },
		{
            "predicate": {
              "custom_model_data": 2000
            },
            "model": "movements:item/gun/camo/ak47_1"
        },
		{
            "predicate": {
              "custom_model_data": 2001
            },
            "model": "movements:item/gun/camo/ak47_2"
        },
		{
            "predicate": {
              "custom_model_data": 2002
            },
            "model": "movements:item/gun/camo/ak47_3"
        },
		{
            "predicate": {
              "custom_model_data": 2003
            },
            "model": "movements:item/gun/camo/ak47_4"
        },
		{
            "predicate": {
              "custom_model_data": 2004
            },
            "model": "movements:item/gun/camo/ak47_5"
        }
    ]
}