{
  "parent": "minecraft:item/handheld",
  "textures": {
    "layer0": "minecraft:item/netherite_sword"
  },
  "overrides": [
        {
            "predicate": {
              "custom_model_data": 1000
            },
            "model": "movements:item/weapon/karambit"
        },
		{
            "predicate": {
              "custom_model_data": 1001
            },
            "model": "movements:item/weapon/combat_blade"
        },
		{
            "predicate": {
              "custom_model_data": 1002
            },
            "model": "movements:item/weapon/hidden_dagger_1"
        },
		{
            "predicate": {
              "custom_model_data": 1003
            },
            "model": "movements:item/weapon/hidden_dagger_2"
        },
		{
            "predicate": {
              "custom_model_data": 1004
            },
            "model": "movements:item/weapon/katana"
        },
		{
            "predicate": {
              "custom_model_data": 1005
            },
            "model": "movements:item/weapon/chainsaw"
        },
		{
            "predicate": {
              "custom_model_data": 1006
            },
            "model": "movements:item/weapon/iron_dagger"
        },
		{
            "predicate": {
              "custom_model_data": 1007
            },
            "model": "movements:item/weapon/phoenix_bat"
        },
		{
            "predicate": {
              "custom_model_data": 1008
            },
            "model": "movements:item/weapon/heavy_machete"
        },
		{
            "predicate": {
              "custom_model_data": 1009
            },
            "model": "movements:item/weapon/mythril_dagger"
        }
    ]
}