{
  "parent": "minecraft:item/generated",
  "textures": {
    "layer0": "item/potion_overlay",
    "layer1": "item/potion"
  },
  "overrides": [
		
		{
            "predicate": {
              "custom_model_data": 1000
            },
            "model": "movements:item/objects/red_medkit_1"
        },
		{
            "predicate": {
              "custom_model_data": 1001
            },
            "model": "movements:item/objects/green_medkit_1"
        },
		{
            "predicate": {
              "custom_model_data": 1002
            },
            "model": "movements:item/objects/blue_medkit_1"
        }
    ]
}