{
  "parent": "minecraft:item/generated",
  "textures": {
    "layer0": "minecraft:item/stick"
  },
  "overrides": [
		
		{
            "predicate": {
              "custom_model_data": 6000
            },
            "model": "soul_realms:item/wand_red"
        },
		{
            "predicate": {
              "custom_model_data": 6001
            },
            "model": "soul_realms:item/wand_blue"
        },
		{
            "predicate": {
              "custom_model_data": 6002
            },
            "model": "soul_realms:item/wand_yellow"
        }
    ]
}