{
  "parent": "minecraft:block/button_inventory",
  "textures": {
    "texture": "minecraft:block/stone"
  },
  "overrides": [
		
		{
            "predicate": {
              "custom_model_data": 1000
            },
            "model": "movements:item/objects/tablet"
        },
		{
            "predicate": {
              "custom_model_data": 1001
            },
            "model": "movements:item/objects/papers"
        },
		{
            "predicate": {
              "custom_model_data": 1002
            },
            "model": "movements:item/objects/vending_machine"
        },
		{
            "predicate": {
              "custom_model_data": 1003
            },
            "model": "movements:item/objects/red_medkit_1"
        },
		{
            "predicate": {
              "custom_model_data": 1004
            },
            "model": "movements:item/objects/red_medkit_2"
        },
		{
            "predicate": {
              "custom_model_data": 1005
            },
            "model": "movements:item/objects/green_medkit_1"
        },
		{
            "predicate": {
              "custom_model_data": 1006
            },
            "model": "movements:item/objects/green_medkit_2"
        }
    ]
}