{
	"credit": "Made by EPRB",
	"textures": {
		"0": "./wand",
		"particle": "./wand"
	},
	"elements": [
		{
			"from": [7, 1, 7],
			"to": [9, 11, 9],
			"rotation": {"angle": 0, "axis": "y", "origin": [8, 8, 8]},
			"faces": {
				"north": {"uv": [6, 0, 8, 10], "texture": "#0"},
				"east": {"uv": [8, 0, 6, 10], "texture": "#0"},
				"south": {"uv": [11, 0, 9, 10], "texture": "#0"},
				"west": {"uv": [12, 0, 14, 10], "texture": "#0"},
				"up": {"uv": [6, 0, 8, 2], "texture": "#0"},
				"down": {"uv": [6, 0, 8, 2], "texture": "#0"}
			}
		},
		{
			"from": [6.5, 0, 6.5],
			"to": [9.5, 1, 9.5],
			"rotation": {"angle": 0, "axis": "y", "origin": [8, 8, 8]},
			"faces": {
				"north": {"uv": [4, 0, 1, 1], "texture": "#0"},
				"east": {"uv": [4, 1, 5, 4], "rotation": 90, "texture": "#0"},
				"south": {"uv": [1, 4, 4, 5], "texture": "#0"},
				"west": {"uv": [0, 4, 1, 1], "rotation": 90, "texture": "#0"},
				"up": {"uv": [1, 1, 4, 4], "texture": "#0"},
				"down": {"uv": [1, 1, 4, 4], "texture": "#0"}
			}
		},
		{
			"from": [6.5, 11, 6.5],
			"to": [9.5, 12, 9.5],
			"rotation": {"angle": 0, "axis": "y", "origin": [8, 8, 8]},
			"faces": {
				"north": {"uv": [4, 0, 1, 1], "texture": "#0"},
				"east": {"uv": [4, 1, 5, 4], "rotation": 90, "texture": "#0"},
				"south": {"uv": [1, 4, 4, 5], "texture": "#0"},
				"west": {"uv": [0, 4, 1, 1], "rotation": 90, "texture": "#0"},
				"up": {"uv": [1, 1, 4, 4], "texture": "#0"},
				"down": {"uv": [1, 1, 4, 4], "texture": "#0"}
			}
		},
		{
			"from": [6.5, 13, 6.5],
			"to": [9.5, 16, 9.5],
			"rotation": {"angle": 45, "axis": "y", "origin": [8, 14.5, 8]},
			"faces": {
				"north": {"uv": [8, 13, 11, 16], "texture": "#0"},
				"east": {"uv": [8, 13, 11, 16], "texture": "#0"},
				"south": {"uv": [8, 13, 11, 16], "texture": "#0"},
				"west": {"uv": [8, 13, 11, 16], "texture": "#0"},
				"up": {"uv": [8, 13, 11, 16], "texture": "#0"},
				"down": {"uv": [8, 13, 11, 16], "texture": "#0"}
			}
		},
		{
			"from": [6.5, 13, 6.5],
			"to": [9.5, 16, 9.5],
			"rotation": {"angle": 45, "axis": "z", "origin": [8, 14.5, 8]},
			"faces": {
				"north": {"uv": [0, 13, 3, 16], "texture": "#0"},
				"east": {"uv": [0, 13, 3, 16], "texture": "#0"},
				"south": {"uv": [0, 13, 3, 16], "texture": "#0"},
				"west": {"uv": [0, 13, 3, 16], "texture": "#0"},
				"up": {"uv": [0, 13, 3, 16], "texture": "#0"},
				"down": {"uv": [0, 13, 3, 16], "texture": "#0"}
			}
		},
		{
			"from": [6.5, 13, 6.5],
			"to": [9.5, 16, 9.5],
			"rotation": {"angle": 45, "axis": "x", "origin": [8, 14.5, 8]},
			"faces": {
				"north": {"uv": [4, 13, 7, 16], "texture": "#0"},
				"east": {"uv": [4, 13, 7, 16], "texture": "#0"},
				"south": {"uv": [4, 13, 7, 16], "texture": "#0"},
				"west": {"uv": [4, 13, 7, 16], "texture": "#0"},
				"up": {"uv": [4, 13, 7, 16], "texture": "#0"},
				"down": {"uv": [4, 13, 7, 16], "texture": "#0"}
			}
		}
	],
	"gui_light": "front",
	"display": {
		"thirdperson_righthand": {
			"translation": [0, 2.25, 0.75]
		},
		"thirdperson_lefthand": {
			"translation": [0, 2.25, 0.75]
		},
		"firstperson_righthand": {
			"rotation": [9, 16, -6],
			"translation": [1.25, 3.25, 0]
		},
		"firstperson_lefthand": {
			"rotation": [9, 16, -6],
			"translation": [1.25, 3.25, 0]
		},
		"ground": {
			"rotation": [45, 41, 0],
			"scale": [0.5, 0.5, 0.5]
		},
		"gui": {
			"rotation": [45, 15, -40]
		},
		"head": {
			"translation": [0, 37.75, 0],
			"scale": [4, 4, 4]
		},
		"fixed": {
			"translation": [0, -0.25, 0]
		}
	}
}