{
	"credit": "Made by EPRB",
	"texture_size": [32, 32],
	"textures": {
		"0": "movements:item/ak47/ak47",
		"particle": "movements:item/ak47/ak47"
	},
	"elements": [
		{
			"from": [7, 5, 6.25],
			"to": [9, 7, 15.25],
			"rotation": {"angle": 0, "axis": "y", "origin": [0, 0, 2.25]},
			"faces": {
				"north": {"uv": [0, 1, 1, 2], "texture": "#0"},
				"east": {"uv": [1, 1, 5, 2], "texture": "#0"},
				"south": {"uv": [5, 1, 6, 2], "texture": "#0"},
				"west": {"uv": [1, 1, 5.5, 2], "texture": "#0"},
				"up": {"uv": [1, 0, 5, 1], "rotation": 90, "texture": "#0"},
				"down": {"uv": [1, 2, 5, 3], "rotation": 90, "texture": "#0"}
			}
		},
		{
			"from": [7, 5, 1.25],
			"to": [9, 7, 6.25],
			"rotation": {"angle": 0, "axis": "y", "origin": [0, 0, 2.25]},
			"faces": {
				"north": {"uv": [14, 9.5, 15, 10.5], "texture": "#0"},
				"east": {"uv": [12.5, 9.5, 15, 10.5], "texture": "#0"},
				"south": {"uv": [12.5, 9.5, 13.5, 10.5], "texture": "#0"},
				"west": {"uv": [12.5, 9.5, 15, 10.5], "texture": "#0"},
				"up": {"uv": [12.5, 9.5, 15, 10.5], "rotation": 90, "texture": "#0"},
				"down": {"uv": [12.5, 9.5, 15, 10.5], "rotation": 90, "texture": "#0"}
			}
		},
		{
			"from": [7, 7, 1.25],
			"to": [9, 8, 4.25],
			"rotation": {"angle": 0, "axis": "y", "origin": [0, 0, 2.25]},
			"faces": {
				"north": {"uv": [13, 10, 14, 10.5], "texture": "#0"},
				"east": {"uv": [13, 10, 14.5, 10.5], "texture": "#0"},
				"south": {"uv": [13.5, 10.5, 14.5, 11], "texture": "#0"},
				"west": {"uv": [13, 10, 14.5, 10.5], "texture": "#0"},
				"up": {"uv": [13, 10, 14.5, 11], "rotation": 90, "texture": "#0"},
				"down": {"uv": [13, 10, 14.5, 11], "rotation": 90, "texture": "#0"}
			}
		},
		{
			"from": [7.5, 5.5, -6.75],
			"to": [8.5, 6.5, 0.25],
			"rotation": {"angle": 0, "axis": "y", "origin": [0, 0, 2.25]},
			"faces": {
				"north": {"uv": [10.5, 0, 11, 0.5], "texture": "#0"},
				"east": {"uv": [1.5, 1, 5, 1.5], "texture": "#0"},
				"south": {"uv": [1.5, 1, 5, 1.5], "texture": "#0"},
				"west": {"uv": [1.5, 1, 5, 1.5], "texture": "#0"},
				"up": {"uv": [1.5, 1, 5, 1.5], "rotation": 90, "texture": "#0"},
				"down": {"uv": [1.5, 1, 5, 1.5], "rotation": 90, "texture": "#0"}
			}
		},
		{
			"from": [8.005, 7, -2.75],
			"to": [8.015, 8, 0.25],
			"rotation": {"angle": 0, "axis": "y", "origin": [0, 0, 2.25]},
			"faces": {
				"north": {"uv": [10.5, 0, 11, 0.5], "texture": "#0"},
				"east": {"uv": [5.5, 2, 7, 2.5], "texture": "#0"},
				"south": {"uv": [5.5, 2, 5.5, 2.5], "texture": "#0"},
				"west": {"uv": [5.5, 2, 7, 2.5], "texture": "#0"},
				"up": {"uv": [5.5, 2, 7, 2], "rotation": 90, "texture": "#0"},
				"down": {"uv": [5.5, 2, 7, 2], "rotation": 90, "texture": "#0"}
			}
		},
		{
			"from": [8, 6, -2.75],
			"to": [8, 8, -1.75],
			"rotation": {"angle": 22.5, "axis": "x", "origin": [8, 8, -2.75]},
			"faces": {
				"north": {"uv": [5.5, 2, 7, 2], "rotation": 270, "texture": "#0"},
				"east": {"uv": [5.5, 2, 7, 2.5], "rotation": 270, "texture": "#0"},
				"south": {"uv": [5.5, 2, 7, 2], "rotation": 90, "texture": "#0"},
				"west": {"uv": [5.5, 2, 7, 2.5], "rotation": 90, "texture": "#0"},
				"up": {"uv": [10.5, 0, 11, 0.5], "rotation": 180, "texture": "#0"},
				"down": {"uv": [5.5, 2, 5.5, 2.5], "texture": "#0"}
			}
		},
		{
			"from": [8, 6.5, -6.25],
			"to": [8, 8.5, -4.25],
			"rotation": {"angle": 0, "axis": "y", "origin": [0, 0, 2.25]},
			"faces": {
				"north": {"uv": [0, 0, 0, 1.5], "texture": "#0"},
				"east": {"uv": [7, 4, 6, 5], "texture": "#0"},
				"south": {"uv": [0, 0, 0, 1.5], "texture": "#0"},
				"west": {"uv": [6, 4, 7, 5], "texture": "#0"},
				"up": {"uv": [0, 0, 0, 1.5], "texture": "#0"},
				"down": {"uv": [0, 0, 0, 1.5], "texture": "#0"}
			}
		},
		{
			"from": [7, 5, 0.25],
			"to": [9, 8, 1.25],
			"rotation": {"angle": 0, "axis": "y", "origin": [0, 0, 2.25]},
			"faces": {
				"north": {"uv": [5.5, 5.5, 6.5, 6.5], "texture": "#0"},
				"east": {"uv": [5.5, 5.5, 6, 6.5], "texture": "#0"},
				"south": {"uv": [0, 0, 1, 1], "texture": "#0"},
				"west": {"uv": [5.5, 5.5, 6, 7], "texture": "#0"},
				"up": {"uv": [5.5, 4, 6, 5], "rotation": 90, "texture": "#0"},
				"down": {"uv": [5.5, 7, 6, 8], "rotation": 90, "texture": "#0"}
			}
		},
		{
			"from": [7.5, 5, 15.25],
			"to": [8.5, 7, 24.25],
			"rotation": {"angle": 0, "axis": "y", "origin": [0.5, 0, 2.25]},
			"faces": {
				"north": {"uv": [0, 0, 0.5, 1], "texture": "#0"},
				"east": {"uv": [15, 11, 10.5, 10], "texture": "#0"},
				"south": {"uv": [14.5, 11, 15, 10], "texture": "#0"},
				"west": {"uv": [10.5, 11, 15, 10], "texture": "#0"},
				"up": {"uv": [15, 10.5, 10.5, 10], "rotation": 90, "texture": "#0"},
				"down": {"uv": [10.5, 11, 15, 10.5], "rotation": 90, "texture": "#0"}
			}
		},
		{
			"from": [7.51, 5.3, 15.8],
			"to": [8.49, 7.3, 23.8],
			"rotation": {"angle": 22.5, "axis": "x", "origin": [7.5, 5, 15.25]},
			"faces": {
				"north": {"uv": [0, 0, 0.49, 1], "texture": "#0"},
				"east": {"uv": [13, 10, 9, 11], "texture": "#0"},
				"south": {"uv": [0, 0, 0.49, 1], "texture": "#0"},
				"west": {"uv": [9, 10, 13, 11], "texture": "#0"},
				"up": {"uv": [0, 0, 0.49, 2.75], "texture": "#0"},
				"down": {"uv": [13, 9.99, 9, 10.48], "rotation": 90, "texture": "#0"}
			}
		},
		{
			"from": [7.51, 7.3, 19.3],
			"to": [8.49, 8.3, 23.3],
			"rotation": {"angle": 22.5, "axis": "x", "origin": [7.5, 5, 15.25]},
			"faces": {
				"north": {"uv": [0, 0, 0.49, 1], "texture": "#0"},
				"east": {"uv": [12.75, 8.5, 14.75, 9], "texture": "#0"},
				"south": {"uv": [0, 0, 0.49, 1], "texture": "#0"},
				"west": {"uv": [14.75, 8.5, 12.75, 9], "texture": "#0"},
				"up": {"uv": [0, 0, 0.49, 2.75], "texture": "#0"},
				"down": {"uv": [12.75, 9, 14.75, 9.49], "rotation": 90, "texture": "#0"}
			}
		},
		{
			"from": [7.5, 2, 23.25],
			"to": [8.5, 5, 24.25],
			"rotation": {"angle": 0, "axis": "y", "origin": [0.5, 0, 2.25]},
			"faces": {
				"north": {"uv": [12, 10.5, 13.5, 11], "rotation": 90, "texture": "#0"},
				"east": {"uv": [11.5, 10.5, 13, 11], "rotation": 90, "texture": "#0"},
				"south": {"uv": [12, 10.5, 13.5, 11], "rotation": 90, "texture": "#0"},
				"west": {"uv": [12.5, 10.5, 14, 11], "rotation": 90, "texture": "#0"},
				"up": {"uv": [9.5, 10.5, 10, 11], "texture": "#0"},
				"down": {"uv": [11, 10.5, 11.5, 11], "texture": "#0"}
			}
		},
		{
			"from": [7.5, 4, 13.25],
			"to": [8.5, 5, 15.25],
			"rotation": {"angle": 0, "axis": "y", "origin": [0, 0, 2.25]},
			"faces": {
				"north": {"uv": [9.5, 10, 10, 10.5], "texture": "#0"},
				"east": {"uv": [9.5, 10, 10.5, 10.5], "texture": "#0"},
				"south": {"uv": [9.5, 10, 10, 10.5], "texture": "#0"},
				"west": {"uv": [9.5, 10, 10.5, 10.5], "texture": "#0"},
				"up": {"uv": [9.5, 10, 10, 11], "texture": "#0"},
				"down": {"uv": [9.5, 10, 10, 11], "texture": "#0"}
			}
		},
		{
			"from": [7.375, 0, 13.25],
			"to": [8.625, 4, 15.25],
			"rotation": {"angle": -22.5, "axis": "x", "origin": [8, 4, 13.25]},
			"faces": {
				"north": {"uv": [12.5, 10.5, 14.5, 11], "rotation": 90, "texture": "#0"},
				"east": {"uv": [12.5, 10, 14.5, 11], "rotation": 90, "texture": "#0"},
				"south": {"uv": [12.5, 10.5, 14.5, 11], "rotation": 90, "texture": "#0"},
				"west": {"uv": [12.5, 10, 14.5, 11], "rotation": 90, "texture": "#0"},
				"up": {"uv": [12, 10, 12.625, 11], "texture": "#0"},
				"down": {"uv": [9.5, 9, 10.125, 10], "texture": "#0"}
			}
		},
		{
			"from": [7.5, 3, 11.25],
			"to": [8.5, 4, 14.25],
			"rotation": {"angle": 0, "axis": "y", "origin": [0, 0, 2.25]},
			"faces": {
				"north": {"uv": [3, 1.5, 4.5, 2], "texture": "#0"},
				"east": {"uv": [3, 1.5, 4.5, 2], "texture": "#0"},
				"south": {"uv": [3, 1.5, 4.5, 2], "texture": "#0"},
				"west": {"uv": [3, 1.5, 4.5, 2], "texture": "#0"},
				"up": {"uv": [3, 1.5, 4.5, 2], "rotation": 270, "texture": "#0"},
				"down": {"uv": [3, 1.5, 4.5, 2], "rotation": 270, "texture": "#0"}
			}
		},
		{
			"from": [7.5, 3, 10.25],
			"to": [8.5, 5, 11.25],
			"rotation": {"angle": 0, "axis": "y", "origin": [0, 0, 2.25]},
			"faces": {
				"north": {"uv": [3, 1.5, 3.5, 2.5], "texture": "#0"},
				"east": {"uv": [3, 1.5, 3.5, 2.5], "texture": "#0"},
				"south": {"uv": [3, 1.5, 3.5, 2.5], "texture": "#0"},
				"west": {"uv": [3, 1.5, 3.5, 2.5], "texture": "#0"},
				"up": {"uv": [3, 1.5, 3.5, 2], "rotation": 270, "texture": "#0"},
				"down": {"uv": [3, 1.5, 3.5, 2], "rotation": 270, "texture": "#0"}
			}
		},
		{
			"from": [8, 4.5, 12.25],
			"to": [8, 5.5, 13.25],
			"rotation": {"angle": 22.5, "axis": "x", "origin": [8, 5, 12.25]},
			"faces": {
				"north": {"uv": [4.5, 2.5, 4.5, 3], "texture": "#0"},
				"east": {"uv": [4.5, 2.5, 5, 3], "texture": "#0"},
				"south": {"uv": [4.5, 2.5, 4.5, 3], "texture": "#0"},
				"west": {"uv": [4.5, 2.5, 5, 3], "texture": "#0"},
				"up": {"uv": [4.5, 2.5, 4.5, 3], "texture": "#0"},
				"down": {"uv": [4.5, 2.5, 4.5, 3], "texture": "#0"}
			}
		},
		{
			"from": [7.5, 7, 6.75],
			"to": [8.5, 8, 14.75],
			"rotation": {"angle": 0, "axis": "y", "origin": [0, 0, 2.25]},
			"faces": {
				"north": {"uv": [1.5, 1, 1, 1.5], "texture": "#0"},
				"east": {"uv": [1, 1, 5, 1.5], "texture": "#0"},
				"south": {"uv": [4.5, 1, 4, 1.5], "texture": "#0"},
				"west": {"uv": [5, 1, 1, 1.5], "texture": "#0"},
				"up": {"uv": [5, 1, 1, 1.5], "rotation": 90, "texture": "#0"},
				"down": {"uv": [5, 1, 1, 1.5], "rotation": 90, "texture": "#0"}
			}
		},
		{
			"from": [7.25, 7, 4.25],
			"to": [8.75, 8.25, 6.75],
			"rotation": {"angle": 0, "axis": "y", "origin": [0, 0, 2.25]},
			"faces": {
				"north": {"uv": [1.75, 1, 0.75, 1.5], "texture": "#0"},
				"east": {"uv": [1, 1, 0, 1.5], "texture": "#0"},
				"south": {"uv": [4.75, 1, 3.75, 1.5], "texture": "#0"},
				"west": {"uv": [3, 2, 1.5, 2.5], "texture": "#0"},
				"up": {"uv": [4, 2, 2.5, 2.5], "rotation": 90, "texture": "#0"},
				"down": {"uv": [2.25, 1, 1.25, 1.5], "rotation": 90, "texture": "#0"}
			}
		},
		{
			"from": [7.75, 7.75, 4.25],
			"to": [7.75, 8.75, 6.75],
			"rotation": {"angle": 0, "axis": "y", "origin": [0, 0, 2.25]},
			"faces": {
				"north": {"uv": [4.25, 2, 3, 2.5], "texture": "#0"},
				"east": {"uv": [4.25, 2, 3, 2.5], "texture": "#0"},
				"south": {"uv": [4.25, 2, 3, 2.5], "texture": "#0"},
				"west": {"uv": [4.25, 2, 3, 2.5], "texture": "#0"},
				"up": {"uv": [4.25, 2, 3, 2.5], "texture": "#0"},
				"down": {"uv": [4.25, 2, 3, 2.5], "texture": "#0"}
			}
		},
		{
			"from": [8.25, 7.75, 4.25],
			"to": [8.25, 8.75, 6.75],
			"rotation": {"angle": 0, "axis": "y", "origin": [0, 0, 2.25]},
			"faces": {
				"north": {"uv": [4.25, 2, 3, 2.5], "texture": "#0"},
				"east": {"uv": [4.25, 2, 3, 2.5], "texture": "#0"},
				"south": {"uv": [4.25, 2, 3, 2.5], "texture": "#0"},
				"west": {"uv": [4.25, 2, 3, 2.5], "texture": "#0"},
				"up": {"uv": [4.25, 2, 3, 2.5], "texture": "#0"},
				"down": {"uv": [4.25, 2, 3, 2.5], "texture": "#0"}
			}
		},
		{
			"from": [7.25, 4.99, 6.25],
			"to": [8.75, 4.99, 9.25],
			"rotation": {"angle": 0, "axis": "y", "origin": [0, 2, 1.25]},
			"faces": {
				"north": {"uv": [11, 0.5, 10.5, 0], "rotation": 90, "texture": "#0"},
				"east": {"uv": [11, 0.5, 10.5, 0], "rotation": 90, "texture": "#0"},
				"south": {"uv": [11, 0.5, 10.5, 0], "rotation": 90, "texture": "#0"},
				"west": {"uv": [11, 0.5, 10.5, 0], "rotation": 90, "texture": "#0"},
				"up": {"uv": [11, 0.5, 10.5, 0], "rotation": 90, "texture": "#0"},
				"down": {"uv": [11, 0.5, 10.5, 0], "rotation": 90, "texture": "#0"}
			}
		},
		{
			"from": [7.25, 3, 6.25],
			"to": [8.75, 5, 9.25],
			"rotation": {"angle": 0, "axis": "y", "origin": [0, 2, 1.25]},
			"faces": {
				"north": {"uv": [9, 5, 8.5, 4], "texture": "#0"},
				"east": {"uv": [10, 5, 8.5, 4], "texture": "#0"},
				"south": {"uv": [10, 5, 9.5, 4], "texture": "#0"},
				"west": {"uv": [10, 5, 8.5, 4], "texture": "#0"},
				"up": {"uv": [9.5, 3, 8, 2.5], "rotation": 90, "texture": "#0"},
				"down": {"uv": [9.5, 4.5, 8, 4], "rotation": 90, "texture": "#0"}
			}
		},
		{
			"from": [7.26, 1, 6.25],
			"to": [8.74, 3, 9.25],
			"rotation": {"angle": 22.5, "axis": "x", "origin": [7.25, 3, 9.25]},
			"faces": {
				"north": {"uv": [8.5, 3, 9, 4], "texture": "#0"},
				"east": {"uv": [8.5, 3, 10, 4], "texture": "#0"},
				"south": {"uv": [9.5, 3, 10, 4], "texture": "#0"},
				"west": {"uv": [8.5, 3, 10, 4], "texture": "#0"},
				"up": {"uv": [8.5, 3, 10, 3.5], "rotation": 90, "texture": "#0"},
				"down": {"uv": [8.5, 3.5, 10, 4], "rotation": 90, "texture": "#0"}
			}
		},
		{
			"from": [7.25, -0.85, 5.5],
			"to": [8.75, 1.15, 8.5],
			"rotation": {"angle": 45, "axis": "x", "origin": [7.25, 1.15, 8.5]},
			"faces": {
				"north": {"uv": [8.5, 4, 9, 5], "texture": "#0"},
				"east": {"uv": [8.5, 4, 10, 5], "texture": "#0"},
				"south": {"uv": [9.5, 4, 10, 5], "texture": "#0"},
				"west": {"uv": [8.5, 4, 10, 5], "texture": "#0"},
				"up": {"uv": [8.5, 4, 10, 4.5], "rotation": 90, "texture": "#0"},
				"down": {"uv": [8.5, 4.5, 10, 5], "rotation": 90, "texture": "#0"}
			}
		}
	],
	"display": {
		"thirdperson_righthand": {
			"translation": [0, 1.75, -2],
			"scale": [0.6, 0.6, 0.6]
		},
		"thirdperson_lefthand": {
			"translation": [0, 1.75, -2],
			"scale": [0.6, 0.6, 0.6]
		},
		"firstperson_righthand": {
			"translation": [-9, 17.25, 8],
			"scale": [1, 1, 0.9]
		},
		"firstperson_lefthand": {
			"rotation": [5, -5, 0],
			"translation": [2.25, 4.5, -0.25],
			"scale": [1, 1, 0.9]
		},
		"ground": {
			"rotation": [0, 0, 90],
			"translation": [-0.75, 3, 0],
			"scale": [0.4, 0.4, 0.4]
		},
		"gui": {
			"rotation": [90, -47.5, 90],
			"translation": [-0.5, 1.75, 0],
			"scale": [0.62, 0.62, 0.62]
		},
		"fixed": {
			"rotation": [0, 90, 0],
			"translation": [0, 1, 0],
			"scale": [0.5, 0.5, 0.5]
		}
	}
}