{
	"credit": "Made by EPRB",
	"texture_size": [32, 32],
	"textures": {
		"0": "movements:item/m16a1",
		"particle": "movements:item/m16a1"
	},
	"elements": [
		{
			"from": [7.5, 6, 0.3],
			"to": [8.5, 7, 4.3],
			"rotation": {"angle": 0, "axis": "y", "origin": [0, 0, 2.25]},
			"faces": {
				"north": {"uv": [10.5, 0, 11, 0.5], "texture": "#0"},
				"east": {"uv": [1.5, 1, 4, 1.5], "texture": "#0"},
				"south": {"uv": [1.5, 1, 2, 1.5], "texture": "#0"},
				"west": {"uv": [1.5, 1, 4, 1.5], "texture": "#0"},
				"up": {"uv": [1.5, 1, 4, 1.5], "rotation": 90, "texture": "#0"},
				"down": {"uv": [1.5, 1, 4, 1.5], "rotation": 90, "texture": "#0"}
			}
		},
		{
			"from": [7.25, 5.75, 0.31],
			"to": [8.75, 7.25, 3.31],
			"rotation": {"angle": 0, "axis": "y", "origin": [0, 0, 2.25]},
			"faces": {
				"north": {"uv": [2, 1.5, 1, 2.5], "texture": "#0"},
				"east": {"uv": [2.5, 1.5, 1, 2.5], "texture": "#0"},
				"south": {"uv": [1, 1.5, 2, 2.5], "texture": "#0"},
				"west": {"uv": [1, 1.5, 3, 2.5], "texture": "#0"},
				"up": {"uv": [1, 1, 3, 2], "rotation": 90, "texture": "#0"},
				"down": {"uv": [3, 1, 1, 2], "rotation": 90, "texture": "#0"}
			}
		},
		{
			"from": [7.25, 5, 4.25],
			"to": [8.75, 8, 11.25],
			"rotation": {"angle": 0, "axis": "y", "origin": [0, 0, 2.25]},
			"faces": {
				"north": {"uv": [1.5, 2, 2.25, 0.5], "texture": "#0"},
				"east": {"uv": [1.5, 2.5, 5, 1], "rotation": 180, "texture": "#0"},
				"south": {"uv": [1, 2.5, 1.75, 1], "texture": "#0"},
				"west": {"uv": [1, 2, 4.5, 0.5], "texture": "#0"},
				"up": {"uv": [5, 0, 1.5, 0.75], "rotation": 90, "texture": "#0"},
				"down": {"uv": [4.5, 1, 1, 1.75], "rotation": 90, "texture": "#0"}
			}
		},
		{
			"from": [7.26, -1.5, 6.25],
			"to": [8.74, 6, 8.75],
			"rotation": {"angle": -22.5, "axis": "x", "origin": [7.25, 5, 6.75]},
			"faces": {
				"north": {"uv": [2, 3.75, 2.74, 0], "texture": "#0"},
				"east": {"uv": [3.25, 3.75, 2, 0], "texture": "#0"},
				"south": {"uv": [4.74, 3.75, 4, 0], "texture": "#0"},
				"west": {"uv": [3, 3.75, 4.25, 0], "texture": "#0"},
				"up": {"uv": [2.75, 0, 1.5, 0.74], "rotation": 90, "texture": "#0"},
				"down": {"uv": [11, 0, 10.5, 0.49], "rotation": 90, "texture": "#0"}
			}
		},
		{
			"from": [7.51, 1.5, 8.75],
			"to": [8.49, 2.5, 10.75],
			"rotation": {"angle": -22.5, "axis": "x", "origin": [7.25, 5, 6.75]},
			"faces": {
				"north": {"uv": [1, 1.5, 1.49, 1], "texture": "#0"},
				"east": {"uv": [2, 1.5, 1, 1], "texture": "#0"},
				"south": {"uv": [1, 1.5, 1.49, 1], "texture": "#0"},
				"west": {"uv": [1, 1.5, 2, 1], "texture": "#0"},
				"up": {"uv": [2.5, 0, 1.5, 0.49], "rotation": 90, "texture": "#0"},
				"down": {"uv": [2, 1, 1, 1.49], "rotation": 90, "texture": "#0"}
			}
		},
		{
			"from": [7.51, -1.5, 8.75],
			"to": [8.49, -0.5, 10.75],
			"rotation": {"angle": -22.5, "axis": "x", "origin": [7.25, 5, 6.75]},
			"faces": {
				"north": {"uv": [1, 1.5, 1.49, 1], "texture": "#0"},
				"east": {"uv": [2, 1.5, 1, 1], "texture": "#0"},
				"south": {"uv": [1, 1.5, 1.49, 1], "texture": "#0"},
				"west": {"uv": [1, 1.5, 2, 1], "texture": "#0"},
				"up": {"uv": [2.5, 0, 1.5, 0.49], "rotation": 90, "texture": "#0"},
				"down": {"uv": [2, 1, 1, 1.49], "rotation": 90, "texture": "#0"}
			}
		},
		{
			"from": [7.51, -1.75, 10.75],
			"to": [8.49, 5, 12.75],
			"rotation": {"angle": -22.5, "axis": "x", "origin": [7.25, 5, 6.75]},
			"faces": {
				"north": {"uv": [1, 3.375, 1.49, 0], "texture": "#0"},
				"east": {"uv": [2, 3.375, 1, 0], "texture": "#0"},
				"south": {"uv": [1, 3.375, 1.49, 0], "texture": "#0"},
				"west": {"uv": [1, 3.375, 2, 0], "texture": "#0"},
				"up": {"uv": [2.5, 0, 1.5, 0.49], "rotation": 90, "texture": "#0"},
				"down": {"uv": [2, 0, 1, 0.49], "rotation": 90, "texture": "#0"}
			}
		},
		{
			"from": [8, 7.75, 4.25],
			"to": [8, 8.75, 5.25],
			"rotation": {"angle": 0, "axis": "y", "origin": [0, 0, 2.25]},
			"faces": {
				"north": {"uv": [1.5, 1, 1.5, 0.5], "texture": "#0"},
				"east": {"uv": [1, 1.5, 1.5, 1], "texture": "#0"},
				"south": {"uv": [1, 1.5, 1, 1], "texture": "#0"},
				"west": {"uv": [1, 1.5, 1.5, 1], "texture": "#0"},
				"up": {"uv": [2, 0, 1.5, 0], "rotation": 90, "texture": "#0"},
				"down": {"uv": [1.5, 1, 1, 1], "rotation": 90, "texture": "#0"}
			}
		},
		{
			"from": [7.75, 7.5, 11.25],
			"to": [7.75, 8.5, 12.25],
			"rotation": {"angle": 0, "axis": "y", "origin": [0, 0, 2.25]},
			"faces": {
				"north": {"uv": [1.5, 1, 1.5, 0.5], "texture": "#0"},
				"east": {"uv": [1, 1.5, 1.5, 1], "texture": "#0"},
				"south": {"uv": [1, 1.5, 1, 1], "texture": "#0"},
				"west": {"uv": [1, 1.5, 1.5, 1], "texture": "#0"},
				"up": {"uv": [2, 0, 1.5, 0], "rotation": 90, "texture": "#0"},
				"down": {"uv": [1.5, 1, 1, 1], "rotation": 90, "texture": "#0"}
			}
		},
		{
			"from": [8.25, 7.5, 11.25],
			"to": [8.25, 8.5, 12.25],
			"rotation": {"angle": 0, "axis": "y", "origin": [0, 0, 2.25]},
			"faces": {
				"north": {"uv": [1.5, 1, 1.5, 0.5], "texture": "#0"},
				"east": {"uv": [1, 1.5, 1.5, 1], "texture": "#0"},
				"south": {"uv": [1, 1.5, 1, 1], "texture": "#0"},
				"west": {"uv": [1, 1.5, 1.5, 1], "texture": "#0"},
				"up": {"uv": [2, 0, 1.5, 0], "rotation": 90, "texture": "#0"},
				"down": {"uv": [1.5, 1, 1, 1], "rotation": 90, "texture": "#0"}
			}
		},
		{
			"from": [7, 6, 6.25],
			"to": [9, 7, 11.25],
			"rotation": {"angle": 0, "axis": "y", "origin": [0, 0, 2.25]},
			"faces": {
				"north": {"uv": [1.5, 1, 2.5, 0.5], "texture": "#0"},
				"east": {"uv": [1.5, 2, 4, 1.5], "texture": "#0"},
				"south": {"uv": [2, 2, 3, 1.5], "texture": "#0"},
				"west": {"uv": [1, 1.5, 3.5, 1], "texture": "#0"},
				"up": {"uv": [4, 0, 1.5, 1], "rotation": 90, "texture": "#0"},
				"down": {"uv": [3.5, 1, 1, 2], "rotation": 90, "texture": "#0"}
			}
		},
		{
			"from": [7, 4.99, 10.25],
			"to": [9, 6, 11.25],
			"rotation": {"angle": 0, "axis": "y", "origin": [0, 0, 2.25]},
			"faces": {
				"north": {"uv": [1.5, 1.005, 2.5, 0.5], "texture": "#0"},
				"east": {"uv": [4, 2.505, 3.5, 2], "texture": "#0"},
				"south": {"uv": [1.5, 2.505, 2.5, 2], "texture": "#0"},
				"west": {"uv": [1, 1.505, 1.5, 1], "texture": "#0"},
				"up": {"uv": [2, 0, 1.5, 1], "rotation": 90, "texture": "#0"},
				"down": {"uv": [1.5, 1, 1, 2], "rotation": 90, "texture": "#0"}
			}
		},
		{
			"from": [8, 4.365, 9.425],
			"to": [8, 5.375, 10.425],
			"rotation": {"angle": 22.5, "axis": "x", "origin": [7, 4, 10]},
			"faces": {
				"north": {"uv": [1.5, 1.005, 1.5, 0.5], "texture": "#0"},
				"east": {"uv": [4, 2.505, 3.5, 2], "texture": "#0"},
				"south": {"uv": [1, 3.005, 1, 2.5], "texture": "#0"},
				"west": {"uv": [3, 6.005, 3.5, 5.5], "texture": "#0"},
				"up": {"uv": [2, 0, 1.5, 0], "rotation": 90, "texture": "#0"},
				"down": {"uv": [1.5, 1, 1, 1], "rotation": 90, "texture": "#0"}
			}
		},
		{
			"from": [7, 5, 11.25],
			"to": [9, 8, 14.25],
			"rotation": {"angle": 0, "axis": "y", "origin": [0, 0, 2.25]},
			"faces": {
				"north": {"uv": [1.5, 2, 2.5, 0.5], "texture": "#0"},
				"east": {"uv": [1, 2.5, 2.5, 1], "texture": "#0"},
				"south": {"uv": [3, 3.5, 4, 2], "texture": "#0"},
				"west": {"uv": [1, 2.5, 2.5, 1], "texture": "#0"},
				"up": {"uv": [3, 0, 1.5, 1], "rotation": 90, "texture": "#0"},
				"down": {"uv": [2.5, 1, 1, 2], "rotation": 90, "texture": "#0"}
			}
		},
		{
			"from": [7.01, 5.7, 13.25],
			"to": [8.99, 8, 14.25],
			"rotation": {"angle": -22.5, "axis": "x", "origin": [7, 8, 14.25]},
			"faces": {
				"north": {"uv": [1.5, 1.65, 2.49, 0.5], "texture": "#0"},
				"east": {"uv": [1, 2.15, 1.5, 1], "texture": "#0"},
				"south": {"uv": [2.5, 2.65, 3.49, 1.65], "texture": "#0"},
				"west": {"uv": [2.5, 1.15, 3, 2.15], "texture": "#0"},
				"up": {"uv": [2, 0, 1.5, 0.99], "rotation": 90, "texture": "#0"},
				"down": {"uv": [1.5, 1, 1, 1.99], "rotation": 90, "texture": "#0"}
			}
		},
		{
			"from": [7.99, 7.2, 13.5],
			"to": [7.99, 8.25, 14.5],
			"rotation": {"angle": -22.5, "axis": "x", "origin": [7, 8, 14.25]},
			"faces": {
				"north": {"uv": [1.5, 1.65, 2.49, 0.5], "texture": "#0"},
				"east": {"uv": [1, 2.15, 1.5, 1], "texture": "#0"},
				"south": {"uv": [2.5, 2.65, 3.49, 1.65], "texture": "#0"},
				"west": {"uv": [2.5, 1.15, 3, 2.15], "texture": "#0"},
				"up": {"uv": [2, 0, 1.5, 0.99], "rotation": 90, "texture": "#0"},
				"down": {"uv": [1.5, 1, 1, 1.99], "rotation": 90, "texture": "#0"}
			}
		},
		{
			"from": [7.02, 5, 13.25],
			"to": [8.98, 6.25, 14.25],
			"rotation": {"angle": 45, "axis": "x", "origin": [7, 5, 14.25]},
			"faces": {
				"north": {"uv": [1.5, 1.125, 2.48, 0.5], "texture": "#0"},
				"east": {"uv": [1, 1.625, 1.5, 1], "texture": "#0"},
				"south": {"uv": [2.5, 3.125, 3.48, 2.5], "texture": "#0"},
				"west": {"uv": [1, 1.625, 1.5, 1], "texture": "#0"},
				"up": {"uv": [2, 0, 1.5, 0.98], "rotation": 90, "texture": "#0"},
				"down": {"uv": [1.5, 1, 1, 1.98], "rotation": 90, "texture": "#0"}
			}
		}
	],
	"display": {
		"thirdperson_righthand": {
			"translation": [0, 1.75, -1.25],
			"scale": [0.6, 0.6, 0.6]
		},
		"thirdperson_lefthand": {
			"translation": [0, 1.75, -2],
			"scale": [0.6, 0.6, 0.6]
		},
		"firstperson_righthand": {
			"rotation": [16, -7, -33],
			"translation": [2.25, 19.25, -0.5],
			"scale": [1, 1, 0.9]
		},
		"firstperson_lefthand": {
			"rotation": [5, -5, 0],
			"translation": [2.25, 4.5, -0.25],
			"scale": [1, 1, 0.9]
		},
		"ground": {
			"rotation": [0, 0, 90],
			"translation": [-1.5, 3, 0],
			"scale": [0.4, 0.4, 0.4]
		},
		"gui": {
			"rotation": [90, -54, 90],
			"translation": [-1, 2.5, 0]
		},
		"fixed": {
			"rotation": [0, 90, 0],
			"translation": [0, 1, 0],
			"scale": [0.5, 0.5, 0.5]
		}
	}
}