{
	"credit": "Made by EPRB",
	"texture_size": [32, 32],
	"textures": {
		"0": "movements:item/m16a1",
		"particle": "movements:item/m16a1"
	},
	"elements": [
		{
			"from": [7, 5, 8.25],
			"to": [9, 7, 15.25],
			"rotation": {"angle": 0, "axis": "y", "origin": [0, 0, 2.25]},
			"faces": {
				"north": {"uv": [0, 2, 1, 1], "texture": "#0"},
				"east": {"uv": [1, 2, 4.5, 1], "texture": "#0"},
				"south": {"uv": [5, 2, 6, 1], "texture": "#0"},
				"west": {"uv": [1, 2, 4.5, 1], "texture": "#0"},
				"up": {"uv": [1, 1, 4.5, 0], "rotation": 90, "texture": "#0"},
				"down": {"uv": [1, 3, 4.5, 2], "rotation": 90, "texture": "#0"}
			}
		},
		{
			"from": [7.5, 5.5, 0.25],
			"to": [8.5, 6.5, 8.25],
			"rotation": {"angle": 0, "axis": "y", "origin": [0, 0, 2.25]},
			"faces": {
				"north": {"uv": [0, 1, 1, 2], "texture": "#0"},
				"east": {"uv": [1, 1, 4.5, 2], "texture": "#0"},
				"south": {"uv": [5, 1, 6, 2], "texture": "#0"},
				"west": {"uv": [1, 1, 4.5, 2], "texture": "#0"},
				"up": {"uv": [1, 0, 4.5, 1], "rotation": 90, "texture": "#0"},
				"down": {"uv": [1, 2, 4.5, 3], "rotation": 90, "texture": "#0"}
			}
		},
		{
			"from": [7, 5, 0.25],
			"to": [9, 7, 1.25],
			"rotation": {"angle": 0, "axis": "y", "origin": [0, 0, 2.25]},
			"faces": {
				"north": {"uv": [0, 1, 1, 2], "texture": "#0"},
				"east": {"uv": [1, 1, 1.5, 2], "texture": "#0"},
				"south": {"uv": [5, 1, 6, 2], "texture": "#0"},
				"west": {"uv": [1, 1, 1.5, 2], "texture": "#0"},
				"up": {"uv": [1, 0, 1.5, 1], "rotation": 90, "texture": "#0"},
				"down": {"uv": [1, 2, 1.5, 3], "rotation": 90, "texture": "#0"}
			}
		},
		{
			"from": [7.5, 5.5, -6.75],
			"to": [8.5, 6.5, 0.25],
			"rotation": {"angle": 0, "axis": "y", "origin": [0, 0, 2.25]},
			"faces": {
				"north": {"uv": [10.5, 0, 11, 0.5], "texture": "#0"},
				"east": {"uv": [1.5, 1, 5, 1.5], "texture": "#0"},
				"south": {"uv": [1.5, 1, 5, 1.5], "texture": "#0"},
				"west": {"uv": [1.5, 1, 5, 1.5], "texture": "#0"},
				"up": {"uv": [1.5, 1, 5, 1.5], "rotation": 90, "texture": "#0"},
				"down": {"uv": [1.5, 1, 5, 1.5], "rotation": 90, "texture": "#0"}
			}
		},
		{
			"from": [7, 5, -6.74],
			"to": [9, 7, -0.74],
			"rotation": {"angle": 0, "axis": "y", "origin": [0, 0, 2.25]},
			"faces": {
				"north": {"uv": [2, 1.5, 1, 2.5], "texture": "#0"},
				"east": {"uv": [4, 1.5, 1, 2.5], "texture": "#0"},
				"south": {"uv": [1, 1.5, 2, 2.5], "texture": "#0"},
				"west": {"uv": [1, 1.5, 4, 2.5], "texture": "#0"},
				"up": {"uv": [1, 1, 4, 2], "rotation": 90, "texture": "#0"},
				"down": {"uv": [4, 1.5, 1, 2.5], "rotation": 90, "texture": "#0"}
			}
		},
		{
			"from": [7, 5, 15.25],
			"to": [9, 7, 24.25],
			"rotation": {"angle": 0, "axis": "y", "origin": [0.5, 0, 2.25]},
			"faces": {
				"north": {"uv": [0, 0, 0.5, 1], "texture": "#0"},
				"east": {"uv": [0, 9.5, 4.5, 10.5], "texture": "#0"},
				"south": {"uv": [0, 9.5, 0.5, 10.5], "texture": "#0"},
				"west": {"uv": [4.5, 9.5, 0, 10.5], "texture": "#0"},
				"up": {"uv": [4.5, 9.5, 0, 10], "rotation": 90, "texture": "#0"},
				"down": {"uv": [0, 10, 4.5, 10.5], "rotation": 90, "texture": "#0"}
			}
		},
		{
			"from": [8, 4, 16.25],
			"to": [8, 6, 20.25],
			"rotation": {"angle": 0, "axis": "y", "origin": [0.5, 0, 2.25]},
			"faces": {
				"north": {"uv": [0, 0, 0.5, 1], "texture": "#0"},
				"east": {"uv": [2.5, 9.5, 0.5, 10.5], "texture": "#0"},
				"south": {"uv": [0.5, 9.5, 0.5, 10.5], "texture": "#0"},
				"west": {"uv": [0.5, 9.5, 2.5, 10.5], "texture": "#0"},
				"up": {"uv": [0.5, 9.5, 2.5, 9.5], "rotation": 90, "texture": "#0"},
				"down": {"uv": [2.5, 10, 0.5, 10], "rotation": 90, "texture": "#0"}
			}
		},
		{
			"from": [7.51, 2.05, 18.3],
			"to": [8.49, 3.05, 23.3],
			"rotation": {"angle": 45, "axis": "x", "origin": [7.5, 2, 23.25]},
			"faces": {
				"north": {"uv": [0, 0, 0.49, 0.5], "texture": "#0"},
				"east": {"uv": [0.5, 10.5, 3, 11], "texture": "#0"},
				"south": {"uv": [0, 0, 0.49, 0.5], "texture": "#0"},
				"west": {"uv": [3, 10.5, 0.5, 11], "texture": "#0"},
				"up": {"uv": [0, 0, 0.49, 2.5], "texture": "#0"},
				"down": {"uv": [0.5, 10.5, 3, 10.99], "rotation": 90, "texture": "#0"}
			}
		},
		{
			"from": [8.01, 1.05, 17.3],
			"to": [8.01, 2.05, 22.3],
			"rotation": {"angle": 45, "axis": "x", "origin": [7.5, 2, 23.25]},
			"faces": {
				"north": {"uv": [0, 0, 0.49, 0.5], "texture": "#0"},
				"east": {"uv": [1, 10.5, 3.5, 11], "texture": "#0"},
				"south": {"uv": [0, 0, 0.49, 0.5], "texture": "#0"},
				"west": {"uv": [3.5, 10.5, 1, 11], "texture": "#0"},
				"up": {"uv": [0, 0, 0.49, 2.5], "texture": "#0"},
				"down": {"uv": [1, 10.5, 3.5, 10.99], "rotation": 90, "texture": "#0"}
			}
		},
		{
			"from": [8, 2, 21.9],
			"to": [8, 3, 23.3],
			"rotation": {"angle": 0, "axis": "x", "origin": [7.5, 2, 23.25]},
			"faces": {
				"north": {"uv": [0.5, 10, 1, 10.5], "texture": "#0"},
				"east": {"uv": [0.5, 10, 1, 10.5], "texture": "#0"},
				"south": {"uv": [0.5, 10, 1, 10.5], "texture": "#0"},
				"west": {"uv": [0.5, 10, 1, 10.5], "texture": "#0"},
				"up": {"uv": [0.5, 10, 1, 10.5], "texture": "#0"},
				"down": {"uv": [0.5, 10, 1, 10.5], "texture": "#0"}
			}
		},
		{
			"from": [7.51, 3.05, 18.3],
			"to": [8.49, 4.05, 22.3],
			"rotation": {"angle": 45, "axis": "x", "origin": [7.5, 2, 23.25]},
			"faces": {
				"north": {"uv": [0, 0, 0.49, 0.5], "texture": "#0"},
				"east": {"uv": [0.5, 10.5, 2.5, 11], "texture": "#0"},
				"south": {"uv": [0, 0, 0.49, 0.5], "texture": "#0"},
				"west": {"uv": [2.5, 10.5, 0.5, 11], "texture": "#0"},
				"up": {"uv": [0, 0, 0.49, 2], "texture": "#0"},
				"down": {"uv": [0.5, 11, 2.5, 11.49], "rotation": 90, "texture": "#0"}
			}
		},
		{
			"from": [7.51, 4.05, 19.3],
			"to": [8.49, 5.05, 21.3],
			"rotation": {"angle": 45, "axis": "x", "origin": [7.5, 2, 23.25]},
			"faces": {
				"north": {"uv": [0, 0, 0.49, 0.5], "texture": "#0"},
				"east": {"uv": [0.5, 10.5, 1.5, 11], "texture": "#0"},
				"south": {"uv": [0, 0, 0.49, 0.5], "texture": "#0"},
				"west": {"uv": [1.5, 10.5, 0.5, 11], "texture": "#0"},
				"up": {"uv": [0, 0, 0.49, 1], "texture": "#0"},
				"down": {"uv": [0.5, 11, 1.5, 11.49], "rotation": 90, "texture": "#0"}
			}
		},
		{
			"from": [7, 2, 23.25],
			"to": [9, 5, 24.25],
			"rotation": {"angle": 0, "axis": "y", "origin": [0.5, 0, 2.25]},
			"faces": {
				"north": {"uv": [0, 10.5, 0.5, 12], "texture": "#0"},
				"east": {"uv": [0, 10.5, 0.5, 12], "texture": "#0"},
				"south": {"uv": [0, 10.5, 0.5, 12], "texture": "#0"},
				"west": {"uv": [0, 10.5, 0.5, 12], "texture": "#0"},
				"up": {"uv": [0, 10.5, 0.5, 11], "texture": "#0"},
				"down": {"uv": [0, 10.5, 0.5, 11], "texture": "#0"}
			}
		},
		{
			"from": [7.5, 3, 13.25],
			"to": [8.5, 4, 15.25],
			"rotation": {"angle": 0, "axis": "y", "origin": [0, -1, 2.25]},
			"faces": {
				"north": {"uv": [1.5, 1.5, 2, 2], "texture": "#0"},
				"east": {"uv": [1.5, 1.5, 2.5, 2], "texture": "#0"},
				"south": {"uv": [1.5, 1.5, 2, 2], "texture": "#0"},
				"west": {"uv": [1.5, 1.5, 2.5, 2], "texture": "#0"},
				"up": {"uv": [1.5, 1.5, 2, 2.5], "texture": "#0"},
				"down": {"uv": [1.5, 1.5, 2, 2.5], "texture": "#0"}
			}
		},
		{
			"from": [7.375, -1, 13.25],
			"to": [8.625, 3, 15.25],
			"rotation": {"angle": -22.5, "axis": "x", "origin": [8, 3, 13.25]},
			"faces": {
				"north": {"uv": [3, 1.5, 5, 2], "rotation": 90, "texture": "#0"},
				"east": {"uv": [3, 1, 5, 2], "rotation": 90, "texture": "#0"},
				"south": {"uv": [3, 1.5, 5, 2], "rotation": 90, "texture": "#0"},
				"west": {"uv": [3, 1, 5, 2], "rotation": 90, "texture": "#0"},
				"up": {"uv": [2.5, 1, 3.125, 2], "texture": "#0"},
				"down": {"uv": [0, 0, 0.625, 1], "texture": "#0"}
			}
		},
		{
			"from": [7.5, 2, 11.25],
			"to": [8.5, 3, 14.25],
			"rotation": {"angle": 0, "axis": "y", "origin": [0, -1, 2.25]},
			"faces": {
				"north": {"uv": [3, 1.5, 4.5, 2], "texture": "#0"},
				"east": {"uv": [3, 1.5, 4.5, 2], "texture": "#0"},
				"south": {"uv": [3, 1.5, 4.5, 2], "texture": "#0"},
				"west": {"uv": [3, 1.5, 4.5, 2], "texture": "#0"},
				"up": {"uv": [3, 1.5, 4.5, 2], "rotation": 270, "texture": "#0"},
				"down": {"uv": [3, 1.5, 4.5, 2], "rotation": 270, "texture": "#0"}
			}
		},
		{
			"from": [8, 3.5, 12.25],
			"to": [8, 4.5, 13.25],
			"rotation": {"angle": 22.5, "axis": "x", "origin": [8, 4, 12.25]},
			"faces": {
				"north": {"uv": [4.5, 2.5, 4.5, 3], "texture": "#0"},
				"east": {"uv": [4.5, 2.5, 5, 3], "texture": "#0"},
				"south": {"uv": [4.5, 2.5, 4.5, 3], "texture": "#0"},
				"west": {"uv": [4.5, 2.5, 5, 3], "texture": "#0"},
				"up": {"uv": [4.5, 2.5, 4.5, 3], "texture": "#0"},
				"down": {"uv": [4.5, 2.5, 4.5, 3], "texture": "#0"}
			}
		},
		{
			"from": [7.5, 7, 8.25],
			"to": [8.5, 7.5, 16.25],
			"rotation": {"angle": 0, "axis": "y", "origin": [0, 0, 2.25]},
			"faces": {
				"north": {"uv": [1.5, 1, 2, 1.5], "texture": "#0"},
				"east": {"uv": [5, 1, 1.5, 1.5], "texture": "#0"},
				"south": {"uv": [4.5, 1, 5, 1.5], "texture": "#0"},
				"west": {"uv": [1.5, 1, 5, 1.5], "texture": "#0"},
				"up": {"uv": [1.5, 1, 5, 1.5], "rotation": 90, "texture": "#0"},
				"down": {"uv": [1.5, 1, 5, 1.5], "rotation": 90, "texture": "#0"}
			}
		},
		{
			"from": [7.5, 7, 0.25],
			"to": [8.5, 7.5, 8.25],
			"rotation": {"angle": 0, "axis": "y", "origin": [0, 0, 2.25]},
			"faces": {
				"north": {"uv": [1.5, 1, 2, 1.5], "texture": "#0"},
				"east": {"uv": [5, 1, 1.5, 1.5], "texture": "#0"},
				"south": {"uv": [4.5, 1, 5, 1.5], "texture": "#0"},
				"west": {"uv": [1.5, 1, 5, 1.5], "texture": "#0"},
				"up": {"uv": [1.5, 1, 5, 1.5], "rotation": 90, "texture": "#0"},
				"down": {"uv": [1.5, 1, 5, 1.5], "rotation": 90, "texture": "#0"}
			}
		},
		{
			"from": [6.5, 5.5, 0.25],
			"to": [7, 6.5, 8.25],
			"rotation": {"angle": 0, "axis": "z", "origin": [7, 6, 0]},
			"faces": {
				"north": {"uv": [1.5, 1, 2, 1.5], "rotation": 90, "texture": "#0"},
				"east": {"uv": [1.5, 1, 5, 1.5], "texture": "#0"},
				"south": {"uv": [4.5, 1, 5, 1.5], "rotation": 270, "texture": "#0"},
				"west": {"uv": [1.5, 1, 5, 1.5], "texture": "#0"},
				"up": {"uv": [5, 1, 1.5, 1.5], "rotation": 270, "texture": "#0"},
				"down": {"uv": [1.5, 1, 5, 1.5], "rotation": 270, "texture": "#0"}
			}
		},
		{
			"from": [9, 5.5, 0.25],
			"to": [9.5, 6.5, 8.25],
			"rotation": {"angle": 0, "axis": "z", "origin": [7, 6, 0]},
			"faces": {
				"north": {"uv": [1.5, 1, 2, 1.5], "rotation": 90, "texture": "#0"},
				"east": {"uv": [1.5, 1, 5, 1.5], "texture": "#0"},
				"south": {"uv": [4.5, 1, 5, 1.5], "rotation": 270, "texture": "#0"},
				"west": {"uv": [1.5, 1, 5, 1.5], "texture": "#0"},
				"up": {"uv": [5, 1, 1.5, 1.5], "rotation": 270, "texture": "#0"},
				"down": {"uv": [1.5, 1, 5, 1.5], "rotation": 270, "texture": "#0"}
			}
		},
		{
			"from": [7.5, 4.5, 0.25],
			"to": [8.5, 5, 8.25],
			"rotation": {"angle": 0, "axis": "y", "origin": [0, 0, 2.25]},
			"faces": {
				"north": {"uv": [1.5, 1, 2, 1.5], "texture": "#0"},
				"east": {"uv": [5, 1, 1.5, 1.5], "texture": "#0"},
				"south": {"uv": [4.5, 1, 5, 1.5], "texture": "#0"},
				"west": {"uv": [1.5, 1, 5, 1.5], "texture": "#0"},
				"up": {"uv": [1.5, 1, 5, 1.5], "rotation": 90, "texture": "#0"},
				"down": {"uv": [1.5, 1, 5, 1.5], "rotation": 90, "texture": "#0"}
			}
		},
		{
			"from": [8, 7, 0.75],
			"to": [8, 8, 15.75],
			"rotation": {"angle": 0, "axis": "y", "origin": [0, 0, 2.25]},
			"faces": {
				"north": {"uv": [8, 7.5, 8, 8], "texture": "#0"},
				"east": {"uv": [15.5, 7.5, 8, 8], "texture": "#0"},
				"south": {"uv": [11, 7.5, 11, 8], "texture": "#0"},
				"west": {"uv": [8, 7.5, 15.5, 8], "texture": "#0"},
				"up": {"uv": [8, 7.5, 15.5, 7.5], "rotation": 90, "texture": "#0"},
				"down": {"uv": [8, 7.5, 15.5, 7.5], "rotation": 90, "texture": "#0"}
			}
		},
		{
			"from": [7, 7, 9.25],
			"to": [9, 8, 11.25],
			"rotation": {"angle": 0, "axis": "y", "origin": [0, 0, 2.25]},
			"faces": {
				"north": {"uv": [2.5, 1, 3.5, 1.5], "texture": "#0"},
				"east": {"uv": [3.5, 1, 2.5, 1.5], "texture": "#0"},
				"south": {"uv": [2.5, 1, 3.5, 1.5], "texture": "#0"},
				"west": {"uv": [2.5, 1, 3.5, 1.5], "texture": "#0"},
				"up": {"uv": [2.5, 1, 3.5, 2], "rotation": 90, "texture": "#0"},
				"down": {"uv": [2.5, 1, 3.5, 2], "rotation": 90, "texture": "#0"}
			}
		},
		{
			"from": [7.01, 8, 9.75],
			"to": [7.49, 9, 10.75],
			"rotation": {"angle": 0, "axis": "y", "origin": [0, 0, 2.25]},
			"faces": {
				"north": {"uv": [2.5, 1, 2.74, 2], "texture": "#0"},
				"east": {"uv": [3, 1, 2.5, 2], "texture": "#0"},
				"south": {"uv": [2.5, 1, 2.74, 2], "texture": "#0"},
				"west": {"uv": [2.5, 1, 3, 2], "texture": "#0"},
				"up": {"uv": [2.5, 1, 3, 1.25], "rotation": 90, "texture": "#0"},
				"down": {"uv": [2.5, 1, 3, 1.24], "rotation": 90, "texture": "#0"}
			}
		},
		{
			"from": [8.51, 8, 9.75],
			"to": [8.99, 9, 10.75],
			"rotation": {"angle": 0, "axis": "y", "origin": [0, 0, 2.25]},
			"faces": {
				"north": {"uv": [2.5, 1, 2.74, 2], "texture": "#0"},
				"east": {"uv": [3, 1, 2.5, 2], "texture": "#0"},
				"south": {"uv": [2.5, 1, 2.74, 2], "texture": "#0"},
				"west": {"uv": [2.5, 1, 3, 2], "texture": "#0"},
				"up": {"uv": [2.5, 1, 3, 1.24], "rotation": 90, "texture": "#0"},
				"down": {"uv": [2.5, 1, 3, 1.24], "rotation": 90, "texture": "#0"}
			}
		},
		{
			"from": [7.49, 9, 9.75],
			"to": [8.51, 9.5, 10.75],
			"rotation": {"angle": 0, "axis": "y", "origin": [0, 0, 2.25]},
			"faces": {
				"north": {"uv": [2.5, 1, 3.01, 1.25], "texture": "#0"},
				"east": {"uv": [3, 1, 2.5, 1.25], "texture": "#0"},
				"south": {"uv": [2.5, 1, 3.01, 1.25], "texture": "#0"},
				"west": {"uv": [2.5, 1, 3, 1.25], "texture": "#0"},
				"up": {"uv": [2.5, 1, 3, 1.5], "rotation": 90, "texture": "#0"},
				"down": {"uv": [2.5, 1, 3, 1.51], "rotation": 90, "texture": "#0"}
			}
		},
		{
			"from": [7.74, 8.25, 10.5],
			"to": [8.26, 8.75, 10.5],
			"rotation": {"angle": 0, "axis": "y", "origin": [0, 0, 2.25]},
			"faces": {
				"north": {"uv": [7.5, 11.5, 12.01, 16], "texture": "#0"},
				"east": {"uv": [7.5, 11.5, 12.01, 16], "texture": "#0"},
				"south": {"uv": [8, 12, 11.51, 15.5], "texture": "#0"},
				"west": {"uv": [7.5, 11.5, 12.01, 16], "texture": "#0"},
				"up": {"uv": [7.5, 11.5, 12.01, 16], "texture": "#0"},
				"down": {"uv": [7.5, 11.5, 12.01, 16], "texture": "#0"}
			}
		},
		{
			"from": [8, 4, 0.75],
			"to": [8, 5, 8.75],
			"rotation": {"angle": 0, "axis": "y", "origin": [0, 0, 2.25]},
			"faces": {
				"north": {"uv": [8, 7.5, 8, 8], "texture": "#0"},
				"east": {"uv": [12, 7.5, 8, 8], "texture": "#0"},
				"south": {"uv": [11, 7.5, 11, 8], "texture": "#0"},
				"west": {"uv": [8, 7.5, 12, 8], "texture": "#0"},
				"up": {"uv": [8, 7.5, 12, 7.5], "rotation": 90, "texture": "#0"},
				"down": {"uv": [8, 7.5, 12, 7.5], "rotation": 90, "texture": "#0"}
			}
		},
		{
			"from": [6, 6, 0.75],
			"to": [7, 6, 8.75],
			"rotation": {"angle": 0, "axis": "y", "origin": [0, 0, 2.25]},
			"faces": {
				"north": {"uv": [8, 7.5, 8.5, 7.5], "texture": "#0"},
				"east": {"uv": [12, 7.5, 8, 7.5], "texture": "#0"},
				"south": {"uv": [11, 7.5, 11.5, 7.5], "texture": "#0"},
				"west": {"uv": [8, 7.5, 12, 7.5], "texture": "#0"},
				"up": {"uv": [8, 7.5, 12, 8], "rotation": 90, "texture": "#0"},
				"down": {"uv": [8, 7.5, 12, 8], "rotation": 90, "texture": "#0"}
			}
		},
		{
			"from": [9, 6, 0.75],
			"to": [10, 6, 8.75],
			"rotation": {"angle": 0, "axis": "y", "origin": [0, 0, 2.25]},
			"faces": {
				"north": {"uv": [8, 7.5, 8.5, 7.5], "texture": "#0"},
				"east": {"uv": [12, 7.5, 8, 7.5], "texture": "#0"},
				"south": {"uv": [11, 7.5, 11.5, 7.5], "texture": "#0"},
				"west": {"uv": [8, 7.5, 12, 7.5], "texture": "#0"},
				"up": {"uv": [8, 7.5, 12, 8], "rotation": 90, "texture": "#0"},
				"down": {"uv": [8, 7.5, 12, 8], "rotation": 90, "texture": "#0"}
			}
		},
		{
			"from": [7.25, 6, 0.25],
			"to": [7.25, 7, 8.25],
			"rotation": {"angle": -45, "axis": "z", "origin": [7.5, 6.5, 2.25]},
			"faces": {
				"north": {"uv": [8, 7.5, 8, 8], "texture": "#0"},
				"east": {"uv": [12, 7.5, 8, 8], "texture": "#0"},
				"south": {"uv": [11, 7.5, 11, 8], "texture": "#0"},
				"west": {"uv": [8, 7.5, 12, 8], "texture": "#0"},
				"up": {"uv": [8, 7.5, 12, 7.5], "rotation": 90, "texture": "#0"},
				"down": {"uv": [8, 7.5, 12, 7.5], "rotation": 90, "texture": "#0"}
			}
		},
		{
			"from": [8, 6.75, 0.25],
			"to": [9, 6.75, 8.25],
			"rotation": {"angle": -45, "axis": "z", "origin": [8.5, 6.5, 2.25]},
			"faces": {
				"north": {"uv": [8, 7.5, 8, 8], "rotation": 270, "texture": "#0"},
				"east": {"uv": [8, 7.5, 12, 7.5], "rotation": 180, "texture": "#0"},
				"south": {"uv": [11, 7.5, 11, 8], "rotation": 90, "texture": "#0"},
				"west": {"uv": [8, 7.5, 12, 7.5], "rotation": 180, "texture": "#0"},
				"up": {"uv": [8, 7.5, 12, 8], "rotation": 90, "texture": "#0"},
				"down": {"uv": [12, 7.5, 8, 8], "rotation": 90, "texture": "#0"}
			}
		},
		{
			"from": [8, 4.75, 0.25],
			"to": [9, 4.75, 8.25],
			"rotation": {"angle": -45, "axis": "z", "origin": [8.5, 6.5, 2.25]},
			"faces": {
				"north": {"uv": [8, 7.5, 8, 8], "rotation": 270, "texture": "#0"},
				"east": {"uv": [8, 7.5, 12, 7.5], "rotation": 180, "texture": "#0"},
				"south": {"uv": [11, 7.5, 11, 8], "rotation": 90, "texture": "#0"},
				"west": {"uv": [8, 7.5, 12, 7.5], "rotation": 180, "texture": "#0"},
				"up": {"uv": [8, 7.5, 12, 8], "rotation": 90, "texture": "#0"},
				"down": {"uv": [12, 7.5, 8, 8], "rotation": 90, "texture": "#0"}
			}
		},
		{
			"from": [9.25, 6, 0.25],
			"to": [9.25, 7, 8.25],
			"rotation": {"angle": -45, "axis": "z", "origin": [7.5, 6.5, 2.25]},
			"faces": {
				"north": {"uv": [8, 7.5, 8, 8], "texture": "#0"},
				"east": {"uv": [12, 7.5, 8, 8], "texture": "#0"},
				"south": {"uv": [11, 7.5, 11, 8], "texture": "#0"},
				"west": {"uv": [8, 7.5, 12, 8], "texture": "#0"},
				"up": {"uv": [8, 7.5, 12, 7.5], "rotation": 90, "texture": "#0"},
				"down": {"uv": [8, 7.5, 12, 7.5], "rotation": 90, "texture": "#0"}
			}
		},
		{
			"from": [8, 5, 0.25],
			"to": [8, 6, 8.25],
			"rotation": {"angle": 0, "axis": "y", "origin": [0, 0, 2.25]},
			"faces": {
				"north": {"uv": [8, 7.5, 8, 8], "texture": "#0"},
				"east": {"uv": [12, 7.5, 8, 8], "texture": "#0"},
				"south": {"uv": [11, 7.5, 11, 8], "texture": "#0"},
				"west": {"uv": [8, 7.5, 12, 8], "texture": "#0"},
				"up": {"uv": [8, 7.5, 12, 7.5], "rotation": 90, "texture": "#0"},
				"down": {"uv": [8, 7.5, 12, 7.5], "rotation": 90, "texture": "#0"}
			}
		},
		{
			"from": [7, 2, 8.25],
			"to": [9, 4, 11.25],
			"rotation": {"angle": 0, "axis": "y", "origin": [0, -1, 2.25]},
			"faces": {
				"north": {"uv": [1.5, 4, 2.5, 5], "texture": "#0"},
				"east": {"uv": [1.5, 4, 0, 5], "texture": "#0"},
				"south": {"uv": [1.5, 4, 2.5, 5], "texture": "#0"},
				"west": {"uv": [0, 4, 1.5, 5], "texture": "#0"},
				"up": {"uv": [0, 3, 1.5, 4], "rotation": 90, "texture": "#0"},
				"down": {"uv": [0, 5, 1.5, 6], "rotation": 90, "texture": "#0"}
			}
		},
		{
			"from": [7, 4, 8.25],
			"to": [9, 5, 11.25],
			"rotation": {"angle": 0, "axis": "y", "origin": [0, -2, 2.25]},
			"faces": {
				"north": {"uv": [2.5, 1, 3.5, 1.5], "texture": "#0"},
				"east": {"uv": [2.5, 1, 1, 1.5], "texture": "#0"},
				"south": {"uv": [2.5, 1, 3.5, 1.5], "texture": "#0"},
				"west": {"uv": [1, 1, 2.5, 1.5], "texture": "#0"},
				"up": {"uv": [1, 0, 2.5, 1], "rotation": 90, "texture": "#0"},
				"down": {"uv": [1, 2, 2.5, 3], "rotation": 90, "texture": "#0"}
			}
		},
		{
			"from": [7.25, 4, 11.25],
			"to": [8.75, 5, 15.25],
			"rotation": {"angle": 0, "axis": "y", "origin": [0, -2, 2.25]},
			"faces": {
				"north": {"uv": [12, 9, 12.75, 9.5], "texture": "#0"},
				"east": {"uv": [10.5, 9, 8.5, 9.5], "texture": "#0"},
				"south": {"uv": [12, 9, 12.75, 9.5], "texture": "#0"},
				"west": {"uv": [11, 9, 13, 9.5], "texture": "#0"},
				"up": {"uv": [10.5, 8, 12.5, 8.75], "rotation": 90, "texture": "#0"},
				"down": {"uv": [10.5, 10, 12.5, 10.75], "rotation": 90, "texture": "#0"}
			}
		},
		{
			"from": [7.25, 1, 8.25],
			"to": [8.75, 2, 11.25],
			"rotation": {"angle": 0, "axis": "y", "origin": [0, -1, 2.25]},
			"faces": {
				"north": {"uv": [3.5, 6.5, 4, 7.5], "texture": "#0"},
				"east": {"uv": [4, 6.5, 5.5, 7.5], "texture": "#0"},
				"south": {"uv": [5, 6.5, 5.5, 7.5], "texture": "#0"},
				"west": {"uv": [4, 6.5, 5.5, 7.5], "texture": "#0"},
				"up": {"uv": [4, 6, 5.5, 6.5], "rotation": 90, "texture": "#0"},
				"down": {"uv": [4, 7.5, 5.5, 8], "rotation": 90, "texture": "#0"}
			}
		},
		{
			"from": [7.26, -1, 8.25],
			"to": [8.74, 1, 11.25],
			"rotation": {"angle": 22.5, "axis": "x", "origin": [5, 1, 11.25]},
			"faces": {
				"north": {"uv": [3.5, 6.5, 4, 7.5], "texture": "#0"},
				"east": {"uv": [4, 6.5, 5.5, 7.5], "texture": "#0"},
				"south": {"uv": [5, 6.5, 5.5, 7.5], "texture": "#0"},
				"west": {"uv": [4, 6.5, 5.5, 7.5], "texture": "#0"},
				"up": {"uv": [4, 6, 5.5, 6.5], "rotation": 90, "texture": "#0"},
				"down": {"uv": [4, 7.5, 5.5, 8], "rotation": 90, "texture": "#0"}
			}
		},
		{
			"from": [7.27, -2.85, 7.475],
			"to": [8.73, -0.85, 10.475],
			"rotation": {"angle": 45, "axis": "x", "origin": [6, -0.85, 10.475]},
			"faces": {
				"north": {"uv": [3.5, 6.5, 4, 7.5], "texture": "#0"},
				"east": {"uv": [4, 6.5, 5.5, 7.5], "texture": "#0"},
				"south": {"uv": [5, 6.5, 5.5, 7.5], "texture": "#0"},
				"west": {"uv": [4, 6.5, 5.5, 7.5], "texture": "#0"},
				"up": {"uv": [4, 6, 5.5, 6.5], "rotation": 90, "texture": "#0"},
				"down": {"uv": [4, 7.5, 5.5, 8], "rotation": 90, "texture": "#0"}
			}
		}
	],
	"display": {
		"thirdperson_righthand": {
			"translation": [0, 2.25, -2.25],
			"scale": [0.6, 0.6, 0.6]
		},
		"thirdperson_lefthand": {
			"translation": [0, 1.75, -2],
			"scale": [0.6, 0.6, 0.6]
		},
		"firstperson_righthand": {
			"rotation": [5, -5, 0],
			"translation": [2.25, 14.5, -0.5],
			"scale": [1, 1, 0.9]
		},
		"firstperson_lefthand": {
			"rotation": [5, -5, 0],
			"translation": [2.25, 4.5, -0.25],
			"scale": [1, 1, 0.9]
		},
		"ground": {
			"rotation": [0, 0, 90],
			"translation": [-1.5, 3, 0],
			"scale": [0.4, 0.4, 0.4]
		},
		"gui": {
			"rotation": [90, -46.5, 90],
			"translation": [-0.5, 2, 0],
			"scale": [0.63, 0.63, 0.63]
		},
		"fixed": {
			"rotation": [0, 90, 0],
			"translation": [0, 1, 0],
			"scale": [0.5, 0.5, 0.5]
		}
	}
}