{
	"credit": "Made by EPRB",
	"texture_size": [32, 32],
	"textures": {
		"0": "movements:item/m16a1",
		"particle": "movements:item/m16a1"
	},
	"elements": [
		{
			"from": [7, 5, 9.25],
			"to": [9, 6, 15.25],
			"rotation": {"angle": 0, "axis": "y", "origin": [0, 0, 2.25]},
			"faces": {
				"north": {"uv": [1, 1, 0, 1.5], "texture": "#0"},
				"east": {"uv": [0.5, 12.5, 3.5, 13], "texture": "#0"},
				"south": {"uv": [6, 1, 5, 1.5], "texture": "#0"},
				"west": {"uv": [3.5, 12.5, 0.5, 13], "texture": "#0"},
				"up": {"uv": [4, 0, 1, 1], "rotation": 90, "texture": "#0"},
				"down": {"uv": [4, 2, 1, 3], "rotation": 90, "texture": "#0"}
			}
		},
		{
			"from": [7, 5, 15.25],
			"to": [9, 6, 23.25],
			"rotation": {"angle": 0, "axis": "y", "origin": [0.5, 0, 2.25]},
			"faces": {
				"north": {"uv": [0, 0, 1, 1.5], "texture": "#0"},
				"east": {"uv": [0.5, 10, 4.5, 9.5], "texture": "#0"},
				"south": {"uv": [0.5, 9.5, 1.5, 10], "texture": "#0"},
				"west": {"uv": [4.5, 10, 0.5, 9.5], "texture": "#0"},
				"up": {"uv": [4.5, 10.5, 0.5, 11.5], "rotation": 90, "texture": "#0"},
				"down": {"uv": [0.5, 10, 4.5, 11], "rotation": 90, "texture": "#0"}
			}
		},
		{
			"from": [6.725, 6, 17.26],
			"to": [9.25, 7.15, 23.26],
			"rotation": {"angle": 0, "axis": "y", "origin": [0.5, 0, 2.25]},
			"faces": {
				"north": {"uv": [2.7625, 14.575, 1.5, 14.075], "texture": "#0"},
				"east": {"uv": [3.5, 14, 0.5, 14.5], "texture": "#0"},
				"south": {"uv": [2.7625, 14.5, 1.5, 15], "texture": "#0"},
				"west": {"uv": [4.5, 14.5, 1.5, 15], "texture": "#0"},
				"up": {"uv": [4, 15.2625, 1, 14], "rotation": 90, "texture": "#0"},
				"down": {"uv": [2.7625, 16, 1.5, 13], "texture": "#0"}
			}
		},
		{
			"from": [7.25, 5.75, 1],
			"to": [8.5, 7, 17.25],
			"rotation": {"angle": 45, "axis": "z", "origin": [8, 6.5, 11]},
			"faces": {
				"north": {"uv": [5, 6.5, 4, 5.5], "rotation": 270, "texture": "#0"},
				"east": {"uv": [0.5, 10.5, 0, 9.5], "texture": "#0"},
				"south": {"uv": [0.5, 10.5, 0, 9.5], "texture": "#0"},
				"west": {"uv": [0.5, 10.5, 0, 9.5], "texture": "#0"},
				"up": {"uv": [0.5, 10.5, 0, 9.5], "texture": "#0"},
				"down": {"uv": [0.5, 10.5, 0, 9.5], "texture": "#0"}
			}
		},
		{
			"from": [7.25, 6.95, 1.75],
			"to": [8.5, 8.2, 9.25],
			"rotation": {"angle": 45, "axis": "z", "origin": [8, 7.7, 11]},
			"faces": {
				"north": {"uv": [12, 0.5, 11.5, 0], "texture": "#0"},
				"east": {"uv": [12, 0.5, 11.5, 0], "texture": "#0"},
				"south": {"uv": [12, 0.5, 11.5, 0], "texture": "#0"},
				"west": {"uv": [12, 0.5, 11.5, 0], "texture": "#0"},
				"up": {"uv": [12, 0.5, 11.5, 0], "texture": "#0"},
				"down": {"uv": [12, 0.5, 11.5, 0], "texture": "#0"}
			}
		},
		{
			"from": [7.25, 5.6, 1.75],
			"to": [8.75, 7.15, 9.75],
			"rotation": {"angle": 45, "axis": "z", "origin": [8, 6.35, 11]},
			"faces": {
				"north": {"uv": [12, 0.5, 11.5, 0], "texture": "#0"},
				"east": {"uv": [12, 0.5, 11.5, 0], "texture": "#0"},
				"south": {"uv": [12, 0.5, 11.5, 0], "texture": "#0"},
				"west": {"uv": [12, 0.5, 11.5, 0], "texture": "#0"},
				"up": {"uv": [12, 0.5, 11.5, 0], "texture": "#0"},
				"down": {"uv": [12, 0.5, 11.5, 0], "texture": "#0"}
			}
		},
		{
			"from": [7.5, 7, 0.5],
			"to": [8.5, 8, 17.25],
			"rotation": {"angle": 45, "axis": "z", "origin": [8, 7.5, 11.25]},
			"faces": {
				"north": {"uv": [11, 0.5, 10.5, 0], "texture": "#0"},
				"east": {"uv": [0.5, 10.5, 0, 9.5], "texture": "#0"},
				"south": {"uv": [0.5, 10.5, 0, 9.5], "texture": "#0"},
				"west": {"uv": [0.5, 10.5, 0, 9.5], "texture": "#0"},
				"up": {"uv": [0.5, 10.5, 0, 9.5], "texture": "#0"},
				"down": {"uv": [0.5, 10.5, 0, 9.5], "texture": "#0"}
			}
		},
		{
			"from": [7.51, 2, 18.25],
			"to": [8.49, 3, 23.25],
			"rotation": {"angle": 45, "axis": "x", "origin": [7.5, 2, 23.25]},
			"faces": {
				"north": {"uv": [2, 9, 2.49, 10], "texture": "#0"},
				"east": {"uv": [0.5, 10.5, 3, 11], "texture": "#0"},
				"south": {"uv": [2, 9, 2.49, 10], "texture": "#0"},
				"west": {"uv": [3, 10.5, 0.5, 11], "texture": "#0"},
				"up": {"uv": [2, 9, 2.49, 11.75], "texture": "#0"},
				"down": {"uv": [0.5, 11, 3, 11.49], "rotation": 90, "texture": "#0"}
			}
		},
		{
			"from": [7.99, 2.25, 23.425],
			"to": [7.99, 7.25, 23.925],
			"rotation": {"angle": -22.5, "axis": "x", "origin": [7.5, 2, 23.25]},
			"faces": {
				"north": {"uv": [0.5, 11, 3, 11.49], "rotation": 270, "texture": "#0"},
				"east": {"uv": [0.5, 10.5, 3, 11], "rotation": 270, "texture": "#0"},
				"south": {"uv": [2, 9, 2.49, 11.75], "texture": "#0"},
				"west": {"uv": [3, 10.5, 0.5, 11], "rotation": 90, "texture": "#0"},
				"up": {"uv": [2, 9, 2.49, 10], "rotation": 180, "texture": "#0"},
				"down": {"uv": [2, 9, 2.49, 10], "texture": "#0"}
			}
		},
		{
			"from": [7, 2, 23.25],
			"to": [9, 9, 24.25],
			"rotation": {"angle": 0, "axis": "y", "origin": [0.5, 0, 2.25]},
			"faces": {
				"north": {"uv": [0, 10.5, 0.5, 12], "texture": "#0"},
				"east": {"uv": [0, 10.5, 0.5, 12], "texture": "#0"},
				"south": {"uv": [0, 10.5, 0.5, 12], "texture": "#0"},
				"west": {"uv": [0, 10.5, 0.5, 12], "texture": "#0"},
				"up": {"uv": [0, 10.5, 0.5, 11], "texture": "#0"},
				"down": {"uv": [0, 10.5, 0.5, 11], "texture": "#0"}
			}
		},
		{
			"from": [7.5, 4, 13.25],
			"to": [8.5, 5, 15.25],
			"rotation": {"angle": 0, "axis": "y", "origin": [0, 0, 2.25]},
			"faces": {
				"north": {"uv": [1.5, 1.5, 2, 2], "texture": "#0"},
				"east": {"uv": [1.5, 1.5, 2.5, 2], "texture": "#0"},
				"south": {"uv": [1.5, 1.5, 2, 2], "texture": "#0"},
				"west": {"uv": [1.5, 1.5, 2.5, 2], "texture": "#0"},
				"up": {"uv": [1.5, 1.5, 2, 2.5], "texture": "#0"},
				"down": {"uv": [1.5, 1.5, 2, 2.5], "texture": "#0"}
			}
		},
		{
			"from": [7.51, 4, 15.25],
			"to": [8.49, 5, 18.25],
			"rotation": {"angle": -22.5, "axis": "x", "origin": [7.5, 4, 15.25]},
			"faces": {
				"north": {"uv": [2, 1.5, 2.5, 2], "texture": "#0"},
				"east": {"uv": [2, 1.5, 3, 2], "texture": "#0"},
				"south": {"uv": [2, 1.5, 2.5, 2], "texture": "#0"},
				"west": {"uv": [2, 1.5, 3, 2], "texture": "#0"},
				"up": {"uv": [2, 1.5, 2.5, 2.5], "texture": "#0"},
				"down": {"uv": [2, 1.5, 2.5, 2.5], "texture": "#0"}
			}
		},
		{
			"from": [7.375, 0, 13.25],
			"to": [8.625, 4, 15.25],
			"rotation": {"angle": -22.5, "axis": "x", "origin": [8, 4, 13.25]},
			"faces": {
				"north": {"uv": [3, 1.5, 5, 2], "rotation": 90, "texture": "#0"},
				"east": {"uv": [3, 1, 5, 2], "rotation": 90, "texture": "#0"},
				"south": {"uv": [3, 1.5, 5, 2], "rotation": 90, "texture": "#0"},
				"west": {"uv": [3, 1, 5, 2], "rotation": 90, "texture": "#0"},
				"up": {"uv": [2.5, 1, 3.125, 2], "texture": "#0"},
				"down": {"uv": [0, 0, 0.625, 1], "texture": "#0"}
			}
		},
		{
			"from": [7.5, 3, 11.25],
			"to": [8.5, 4, 14.25],
			"rotation": {"angle": 0, "axis": "y", "origin": [0, 0, 2.25]},
			"faces": {
				"north": {"uv": [3, 1.5, 4.5, 2], "texture": "#0"},
				"east": {"uv": [3, 1.5, 4.5, 2], "texture": "#0"},
				"south": {"uv": [3, 1.5, 4.5, 2], "texture": "#0"},
				"west": {"uv": [3, 1.5, 4.5, 2], "texture": "#0"},
				"up": {"uv": [3, 1.5, 4.5, 2], "rotation": 270, "texture": "#0"},
				"down": {"uv": [3, 1.5, 4.5, 2], "rotation": 270, "texture": "#0"}
			}
		},
		{
			"from": [8, 4.5, 12.25],
			"to": [8, 5.5, 13.25],
			"rotation": {"angle": 22.5, "axis": "x", "origin": [8, 5, 12.25]},
			"faces": {
				"north": {"uv": [4.5, 2.5, 4.5, 3], "texture": "#0"},
				"east": {"uv": [4.5, 2.5, 5, 3], "texture": "#0"},
				"south": {"uv": [4.5, 2.5, 4.5, 3], "texture": "#0"},
				"west": {"uv": [4.5, 2.5, 5, 3], "texture": "#0"},
				"up": {"uv": [4.5, 2.5, 4.5, 3], "texture": "#0"},
				"down": {"uv": [4.5, 2.5, 4.5, 3], "texture": "#0"}
			}
		},
		{
			"from": [7.5, 8, 1.25],
			"to": [8.5, 9, 5.25],
			"rotation": {"angle": 0, "axis": "y", "origin": [0, 0, 2.25]},
			"faces": {
				"north": {"uv": [1, 1, 1.5, 1.5], "texture": "#0"},
				"east": {"uv": [3, 1, 1, 1.5], "texture": "#0"},
				"south": {"uv": [4, 1, 4.5, 1.5], "texture": "#0"},
				"west": {"uv": [1, 1, 3, 1.5], "texture": "#0"},
				"up": {"uv": [1, 1, 3, 1.5], "rotation": 90, "texture": "#0"},
				"down": {"uv": [1, 1, 3, 1.5], "rotation": 90, "texture": "#0"}
			}
		},
		{
			"from": [8, 8.5, 1.75],
			"to": [8, 9.5, 12.75],
			"rotation": {"angle": 0, "axis": "y", "origin": [0, 0, 2.25]},
			"faces": {
				"north": {"uv": [9, 7.5, 9, 8], "texture": "#0"},
				"east": {"uv": [14.5, 7.5, 9, 8], "texture": "#0"},
				"south": {"uv": [12, 7.5, 12, 8], "texture": "#0"},
				"west": {"uv": [9, 7.5, 14.5, 8], "texture": "#0"},
				"up": {"uv": [9, 7.5, 14.5, 7.5], "rotation": 90, "texture": "#0"},
				"down": {"uv": [9, 7.5, 14.5, 7.5], "rotation": 90, "texture": "#0"}
			}
		},
		{
			"from": [8, 5, 2.25],
			"to": [8, 6, 9.25],
			"rotation": {"angle": 0, "axis": "y", "origin": [0, 0, 2.25]},
			"faces": {
				"north": {"uv": [9, 7.5, 9, 8], "texture": "#0"},
				"east": {"uv": [12.5, 7.5, 9, 8], "texture": "#0"},
				"south": {"uv": [12, 7.5, 12, 8], "texture": "#0"},
				"west": {"uv": [9, 7.5, 12.5, 8], "texture": "#0"},
				"up": {"uv": [9, 7.5, 12.5, 7.5], "rotation": 90, "texture": "#0"},
				"down": {"uv": [9, 7.5, 12.5, 7.5], "rotation": 90, "texture": "#0"}
			}
		},
		{
			"from": [7.25, 6.75, 0.75],
			"to": [8.75, 8.25, 1.75],
			"rotation": {"angle": 0, "axis": "y", "origin": [0, 0, 2.25]},
			"faces": {
				"north": {"uv": [5, 5.5, 6, 6.5], "texture": "#0"},
				"east": {"uv": [1.5, 1, 1, 1.75], "texture": "#0"},
				"south": {"uv": [4, 1, 4.75, 1.75], "texture": "#0"},
				"west": {"uv": [1, 1, 1.5, 1.75], "texture": "#0"},
				"up": {"uv": [1, 1, 1.5, 1.75], "rotation": 90, "texture": "#0"},
				"down": {"uv": [1, 1, 1.5, 1.75], "rotation": 90, "texture": "#0"}
			}
		},
		{
			"from": [7, 5.375, 1.25],
			"to": [9, 7.375, 1.75],
			"rotation": {"angle": 0, "axis": "y", "origin": [0, 0, 2.25]},
			"faces": {
				"north": {"uv": [4.5, 5.5, 5.5, 6.5], "texture": "#0"},
				"east": {"uv": [1.25, 1, 1, 2], "texture": "#0"},
				"south": {"uv": [4, 1, 5, 2], "texture": "#0"},
				"west": {"uv": [1, 1, 1.25, 2], "texture": "#0"},
				"up": {"uv": [1, 1, 1.25, 2], "rotation": 90, "texture": "#0"},
				"down": {"uv": [1, 1, 1.25, 2], "rotation": 90, "texture": "#0"}
			}
		},
		{
			"from": [7.5, 8, 8.25],
			"to": [8.5, 9, 17.25],
			"rotation": {"angle": 0, "axis": "y", "origin": [0, 0, 2.25]},
			"faces": {
				"north": {"uv": [1, 1, 1.5, 1.5], "texture": "#0"},
				"east": {"uv": [5.5, 1, 1, 1.5], "texture": "#0"},
				"south": {"uv": [4, 1, 4.5, 1.5], "texture": "#0"},
				"west": {"uv": [1, 1, 5.5, 1.5], "texture": "#0"},
				"up": {"uv": [1, 1, 5.5, 1.5], "rotation": 90, "texture": "#0"},
				"down": {"uv": [1, 1, 5.5, 1.5], "rotation": 90, "texture": "#0"}
			}
		},
		{
			"from": [7.5, 7.75, 5.25],
			"to": [8.5, 8.75, 8.25],
			"rotation": {"angle": 0, "axis": "y", "origin": [0, 0, 2.25]},
			"faces": {
				"north": {"uv": [3.5, 1, 4, 1.5], "texture": "#0"},
				"east": {"uv": [5, 1, 3.5, 1.5], "texture": "#0"},
				"south": {"uv": [4.5, 1, 5, 1.5], "texture": "#0"},
				"west": {"uv": [3.5, 1, 5, 1.5], "texture": "#0"},
				"up": {"uv": [3.5, 1, 5, 1.5], "rotation": 90, "texture": "#0"},
				"down": {"uv": [3.5, 1, 5, 1.5], "rotation": 90, "texture": "#0"}
			}
		},
		{
			"from": [7.5, 7, 17.26],
			"to": [8.5, 9, 23.26],
			"rotation": {"angle": 0, "axis": "y", "origin": [0, 0, 2.25]},
			"faces": {
				"north": {"uv": [0.5, 11.5, 1, 10.5], "texture": "#0"},
				"east": {"uv": [0.5, 11.5, 3.5, 10.5], "texture": "#0"},
				"south": {"uv": [0.5, 11.5, 1, 10.5], "texture": "#0"},
				"west": {"uv": [0.5, 11.5, 3.5, 10.5], "texture": "#0"},
				"up": {"uv": [3.5, 14.5, 0.5, 15], "rotation": 90, "texture": "#0"},
				"down": {"uv": [0.5, 13.5, 1, 10.5], "texture": "#0"}
			}
		},
		{
			"from": [7.5, 7, 17.25],
			"to": [8.5, 9, 23.25],
			"rotation": {"angle": -22.5, "axis": "z", "origin": [7.5, 9, 8.25]},
			"faces": {
				"north": {"uv": [2, 15, 2.5, 14], "texture": "#0"},
				"east": {"uv": [1.5, 15.5, 4.5, 14.5], "texture": "#0"},
				"south": {"uv": [1, 13, 1.5, 12], "texture": "#0"},
				"west": {"uv": [1.5, 15, 4.5, 14], "texture": "#0"},
				"up": {"uv": [1, 15, 1.5, 12], "texture": "#0"},
				"down": {"uv": [1, 15, 1.5, 12], "texture": "#0"}
			}
		},
		{
			"from": [7.5, 7, 17.25],
			"to": [8.5, 9, 23.25],
			"rotation": {"angle": 22.5, "axis": "z", "origin": [8.5, 9, 8.25]},
			"faces": {
				"north": {"uv": [1.5, 15.5, 2, 14.5], "texture": "#0"},
				"east": {"uv": [0.5, 15, 3.5, 14], "texture": "#0"},
				"south": {"uv": [1.5, 15, 2, 14], "texture": "#0"},
				"west": {"uv": [0.5, 15, 3.5, 14], "texture": "#0"},
				"up": {"uv": [3.5, 14, 0.5, 14.5], "rotation": 90, "texture": "#0"},
				"down": {"uv": [3.5, 14, 0.5, 14.5], "rotation": 90, "texture": "#0"}
			}
		},
		{
			"from": [7.5, 3, 10.25],
			"to": [8.5, 5, 11.25],
			"rotation": {"angle": 0, "axis": "y", "origin": [0, 0, 2.25]},
			"faces": {
				"north": {"uv": [1.5, 4, 2, 5], "texture": "#0"},
				"east": {"uv": [0.5, 4, 0, 5], "texture": "#0"},
				"south": {"uv": [1.5, 4, 2, 5], "texture": "#0"},
				"west": {"uv": [0, 4, 0.5, 5], "texture": "#0"},
				"up": {"uv": [0, 3, 0.5, 3.5], "rotation": 90, "texture": "#0"},
				"down": {"uv": [0, 5, 0.5, 5.5], "rotation": 90, "texture": "#0"}
			}
		}
	],
	"display": {
		"thirdperson_righthand": {
			"translation": [0, 2.5, -3.75],
			"scale": [0.8, 0.8, 0.8]
		},
		"thirdperson_lefthand": {
			"translation": [0, 1.75, -2],
			"scale": [0.6, 0.6, 0.6]
		},
		"firstperson_righthand": {
			"rotation": [5, 5, -2],
			"translation": [0.75, 15.25, -0.25],
			"scale": [1, 1, 0.9]
		},
		"firstperson_lefthand": {
			"rotation": [5, -5, 0],
			"translation": [2.25, 4.5, -0.25],
			"scale": [1, 1, 0.9]
		},
		"ground": {
			"rotation": [0, 0, 90],
			"translation": [-0.75, 3, -1.75],
			"scale": [0.4, 0.4, 0.4]
		},
		"gui": {
			"rotation": [90, -49, 90],
			"translation": [2.25, 3.75, 0],
			"scale": [0.76, 0.76, 0.76]
		},
		"fixed": {
			"rotation": [0, 90, 0],
			"translation": [-2.5, 1, 0],
			"scale": [0.5, 0.5, 0.5]
		}
	}
}