{
	"credit": "Made by EPRB",
	"texture_size": [32, 32],
	"textures": {
		"0": "movements:item/m16a1",
		"particle": "movements:item/m16a1"
	},
	"elements": [
		{
			"from": [7, 5, 7.25],
			"to": [9, 7, 15.25],
			"rotation": {"angle": 0, "axis": "y", "origin": [0, 0, 2.25]},
			"faces": {
				"north": {"uv": [0, 1, 1, 2], "texture": "#0"},
				"east": {"uv": [1, 1, 5, 2], "texture": "#0"},
				"south": {"uv": [5, 1, 6, 2], "texture": "#0"},
				"west": {"uv": [1, 1, 5, 2], "texture": "#0"},
				"up": {"uv": [1, 0, 5, 1], "rotation": 90, "texture": "#0"},
				"down": {"uv": [1, 2, 5, 3], "rotation": 90, "texture": "#0"}
			}
		},
		{
			"from": [6.5, 4.5, 1.25],
			"to": [9.5, 7.5, 7.25],
			"rotation": {"angle": 0, "axis": "y", "origin": [0, 0, 2.25]},
			"faces": {
				"north": {"uv": [6, 5.5, 7.5, 7], "texture": "#0"},
				"east": {"uv": [3, 5.5, 6, 7], "texture": "#0"},
				"south": {"uv": [1.5, 5.5, 3, 7], "texture": "#0"},
				"west": {"uv": [6, 5.5, 3, 7], "texture": "#0"},
				"up": {"uv": [6, 4, 3, 5.5], "rotation": 90, "texture": "#0"},
				"down": {"uv": [3, 7, 6, 8.5], "rotation": 90, "texture": "#0"}
			}
		},
		{
			"from": [7.5, 5.5, -6.75],
			"to": [8.5, 6.5, 0.25],
			"rotation": {"angle": 0, "axis": "y", "origin": [0, 0, 2.25]},
			"faces": {
				"north": {"uv": [10.5, 0, 11, 0.5], "texture": "#0"},
				"east": {"uv": [1.5, 1, 5, 1.5], "texture": "#0"},
				"south": {"uv": [1.5, 1, 5, 1.5], "texture": "#0"},
				"west": {"uv": [1.5, 1, 5, 1.5], "texture": "#0"},
				"up": {"uv": [1.5, 1, 5, 1.5], "rotation": 90, "texture": "#0"},
				"down": {"uv": [1.5, 1, 5, 1.5], "rotation": 90, "texture": "#0"}
			}
		},
		{
			"from": [7.25, 5.25, -6.74],
			"to": [8.75, 6.75, -4.74],
			"rotation": {"angle": 0, "axis": "y", "origin": [0, 0, 2.25]},
			"faces": {
				"north": {"uv": [2, 0, 3.5, 1.5], "texture": "#0"},
				"east": {"uv": [5, 2, 7, 3.5], "texture": "#0"},
				"south": {"uv": [2, 0, 3.5, 1.5], "texture": "#0"},
				"west": {"uv": [5, 2, 7, 3.5], "texture": "#0"},
				"up": {"uv": [5, 2, 7, 3.5], "rotation": 90, "texture": "#0"},
				"down": {"uv": [5, 2, 7, 3.5], "rotation": 90, "texture": "#0"}
			}
		},
		{
			"from": [7, 5, 0.25],
			"to": [9, 7, 1.25],
			"rotation": {"angle": 0, "axis": "y", "origin": [0, 0, 2.25]},
			"faces": {
				"north": {"uv": [5.5, 5.5, 6.5, 6.5], "texture": "#0"},
				"east": {"uv": [5.5, 5.5, 6, 6.5], "texture": "#0"},
				"south": {"uv": [0, 0, 1, 1], "texture": "#0"},
				"west": {"uv": [5.5, 5.5, 6, 6.5], "texture": "#0"},
				"up": {"uv": [5.5, 4, 6, 5], "rotation": 90, "texture": "#0"},
				"down": {"uv": [5.5, 7, 6, 8], "rotation": 90, "texture": "#0"}
			}
		},
		{
			"from": [7.5, 5, 15.25],
			"to": [8.5, 7, 24.25],
			"rotation": {"angle": 0, "axis": "y", "origin": [0.5, 0, 2.25]},
			"faces": {
				"north": {"uv": [0, 0, 0.5, 1], "texture": "#0"},
				"east": {"uv": [0, 9.5, 4.5, 10.5], "texture": "#0"},
				"south": {"uv": [0, 9.5, 0.5, 10.5], "texture": "#0"},
				"west": {"uv": [4.5, 9.5, 0, 10.5], "texture": "#0"},
				"up": {"uv": [4.5, 9.5, 0, 10], "rotation": 90, "texture": "#0"},
				"down": {"uv": [0, 10, 4.5, 10.5], "rotation": 90, "texture": "#0"}
			}
		},
		{
			"from": [7.51, 5.3, 15.8],
			"to": [8.49, 7.3, 23.8],
			"rotation": {"angle": 22.5, "axis": "x", "origin": [7.5, 5, 15.25]},
			"faces": {
				"north": {"uv": [0, 0, 0.49, 1], "texture": "#0"},
				"east": {"uv": [0.5, 10.5, 4.5, 11.5], "texture": "#0"},
				"south": {"uv": [0, 0, 0.49, 1], "texture": "#0"},
				"west": {"uv": [4.5, 10.5, 0.5, 11.5], "texture": "#0"},
				"up": {"uv": [0, 0, 0.49, 2.75], "texture": "#0"},
				"down": {"uv": [0.5, 11, 4.5, 11.49], "rotation": 90, "texture": "#0"}
			}
		},
		{
			"from": [7.51, 7.3, 19.3],
			"to": [8.49, 8.3, 23.3],
			"rotation": {"angle": 22.5, "axis": "x", "origin": [7.5, 5, 15.25]},
			"faces": {
				"north": {"uv": [0, 0, 0.49, 1], "texture": "#0"},
				"east": {"uv": [0.75, 10.5, 2.75, 11], "texture": "#0"},
				"south": {"uv": [0, 0, 0.49, 1], "texture": "#0"},
				"west": {"uv": [2.75, 10.5, 0.75, 11], "texture": "#0"},
				"up": {"uv": [0, 0, 0.49, 2.75], "texture": "#0"},
				"down": {"uv": [0.75, 11, 2.75, 11.49], "rotation": 90, "texture": "#0"}
			}
		},
		{
			"from": [7.5, 2, 23.25],
			"to": [8.5, 5, 24.25],
			"rotation": {"angle": 0, "axis": "y", "origin": [0.5, 0, 2.25]},
			"faces": {
				"north": {"uv": [0, 10.5, 0.5, 12], "texture": "#0"},
				"east": {"uv": [0, 10.5, 0.5, 12], "texture": "#0"},
				"south": {"uv": [0, 10.5, 0.5, 12], "texture": "#0"},
				"west": {"uv": [0, 10.5, 0.5, 12], "texture": "#0"},
				"up": {"uv": [0, 10.5, 0.5, 11], "texture": "#0"},
				"down": {"uv": [0, 10.5, 0.5, 11], "texture": "#0"}
			}
		},
		{
			"from": [7.5, 4, 13.25],
			"to": [8.5, 5, 15.25],
			"rotation": {"angle": 0, "axis": "y", "origin": [0, 0, 2.25]},
			"faces": {
				"north": {"uv": [1.5, 1.5, 2, 2], "texture": "#0"},
				"east": {"uv": [1.5, 1.5, 2.5, 2], "texture": "#0"},
				"south": {"uv": [1.5, 1.5, 2, 2], "texture": "#0"},
				"west": {"uv": [1.5, 1.5, 2.5, 2], "texture": "#0"},
				"up": {"uv": [1.5, 1.5, 2, 2.5], "texture": "#0"},
				"down": {"uv": [1.5, 1.5, 2, 2.5], "texture": "#0"}
			}
		},
		{
			"from": [7.375, 0, 13.25],
			"to": [8.625, 4, 15.25],
			"rotation": {"angle": -22.5, "axis": "x", "origin": [8, 4, 13.25]},
			"faces": {
				"north": {"uv": [3, 1.5, 5, 2], "rotation": 90, "texture": "#0"},
				"east": {"uv": [3, 1, 5, 2], "rotation": 90, "texture": "#0"},
				"south": {"uv": [3, 1.5, 5, 2], "rotation": 90, "texture": "#0"},
				"west": {"uv": [3, 1, 5, 2], "rotation": 90, "texture": "#0"},
				"up": {"uv": [2.5, 1, 3.125, 2], "texture": "#0"},
				"down": {"uv": [0, 0, 0.625, 1], "texture": "#0"}
			}
		},
		{
			"from": [7.5, 3, 11.25],
			"to": [8.5, 4, 14.25],
			"rotation": {"angle": 0, "axis": "y", "origin": [0, 0, 2.25]},
			"faces": {
				"north": {"uv": [3, 1.5, 4.5, 2], "texture": "#0"},
				"east": {"uv": [3, 1.5, 4.5, 2], "texture": "#0"},
				"south": {"uv": [3, 1.5, 4.5, 2], "texture": "#0"},
				"west": {"uv": [3, 1.5, 4.5, 2], "texture": "#0"},
				"up": {"uv": [3, 1.5, 4.5, 2], "rotation": 270, "texture": "#0"},
				"down": {"uv": [3, 1.5, 4.5, 2], "rotation": 270, "texture": "#0"}
			}
		},
		{
			"from": [8, 4.5, 12.25],
			"to": [8, 5.5, 13.25],
			"rotation": {"angle": 22.5, "axis": "x", "origin": [8, 5, 12.25]},
			"faces": {
				"north": {"uv": [4.5, 2.5, 4.5, 3], "texture": "#0"},
				"east": {"uv": [4.5, 2.5, 5, 3], "texture": "#0"},
				"south": {"uv": [4.5, 2.5, 4.5, 3], "texture": "#0"},
				"west": {"uv": [4.5, 2.5, 5, 3], "texture": "#0"},
				"up": {"uv": [4.5, 2.5, 4.5, 3], "texture": "#0"},
				"down": {"uv": [4.5, 2.5, 4.5, 3], "texture": "#0"}
			}
		},
		{
			"from": [7.5, 7, 8.25],
			"to": [8.5, 8, 15.25],
			"rotation": {"angle": 0, "axis": "y", "origin": [0, 0, 2.25]},
			"faces": {
				"north": {"uv": [1.5, 1, 2, 1.5], "texture": "#0"},
				"east": {"uv": [5, 1, 1.5, 1.5], "texture": "#0"},
				"south": {"uv": [4.5, 1, 5, 1.5], "texture": "#0"},
				"west": {"uv": [1.5, 1, 5, 1.5], "texture": "#0"},
				"up": {"uv": [1.5, 1, 5, 1.5], "rotation": 90, "texture": "#0"},
				"down": {"uv": [1.5, 1, 5, 1.5], "rotation": 90, "texture": "#0"}
			}
		},
		{
			"from": [8, 8, 8.25],
			"to": [8, 10, 15.25],
			"rotation": {"angle": 0, "axis": "y", "origin": [0, 0, 2.25]},
			"faces": {
				"north": {"uv": [0, 0, 0, 1], "texture": "#missing"},
				"east": {"uv": [5, 3, 1.5, 4], "texture": "#0"},
				"south": {"uv": [0, 0, 0, 1], "texture": "#missing"},
				"west": {"uv": [1.5, 3, 5, 4], "texture": "#0"},
				"up": {"uv": [0, 0, 0, 3.5], "texture": "#missing"},
				"down": {"uv": [0, 0, 0, 3.5], "texture": "#missing"}
			}
		},
		{
			"from": [8, 9, 8.25],
			"to": [8, 10.425, 9.25],
			"rotation": {"angle": 45, "axis": "x", "origin": [8, 9, 8.25]},
			"faces": {
				"north": {"uv": [0, 0, 0, 1], "texture": "#missing"},
				"east": {"uv": [2.5, 3, 2, 3.5], "texture": "#0"},
				"south": {"uv": [0, 0, 0, 1], "texture": "#missing"},
				"west": {"uv": [2, 3, 2.5, 3.5], "texture": "#0"},
				"up": {"uv": [0.5, 0, 0.5, 0.5], "texture": "#missing"},
				"down": {"uv": [0.5, 0, 0.5, 0.5], "texture": "#missing"}
			}
		},
		{
			"from": [7, 3, 8.25],
			"to": [9, 5, 11.25],
			"rotation": {"angle": 0, "axis": "y", "origin": [0, 0, 2.25]},
			"faces": {
				"north": {"uv": [1.5, 4, 2.5, 5], "texture": "#0"},
				"east": {"uv": [1.5, 4, 0, 5], "texture": "#0"},
				"south": {"uv": [1.5, 4, 2.5, 5], "texture": "#0"},
				"west": {"uv": [0, 4, 1.5, 5], "texture": "#0"},
				"up": {"uv": [0, 3, 1.5, 4], "rotation": 90, "texture": "#0"},
				"down": {"uv": [0, 5, 1.5, 6], "rotation": 90, "texture": "#0"}
			}
		},
		{
			"from": [7.25, 1, 8.25],
			"to": [8.75, 3, 11.25],
			"rotation": {"angle": 0, "axis": "y", "origin": [0, 0, 2.25]},
			"faces": {
				"north": {"uv": [6, 0.5, 6.5, 1.5], "texture": "#0"},
				"east": {"uv": [6.5, 0.5, 8, 1.5], "texture": "#0"},
				"south": {"uv": [8, 0.5, 8.5, 1.5], "texture": "#0"},
				"west": {"uv": [6.5, 0.5, 8, 1.5], "texture": "#0"},
				"up": {"uv": [6.5, 0, 8, 0.5], "rotation": 90, "texture": "#0"},
				"down": {"uv": [6.5, 1.5, 8, 2], "rotation": 90, "texture": "#0"}
			}
		},
		{
			"from": [8, 6.5, -2.75],
			"to": [8, 10.5, 0.25],
			"rotation": {"angle": 0, "axis": "y", "origin": [0, 0, 2.25]},
			"faces": {
				"north": {"uv": [0, 0, 0, 1.5], "texture": "#0"},
				"east": {"uv": [7.5, 3.5, 6, 5.5], "texture": "#0"},
				"south": {"uv": [0, 0, 0, 1.5], "texture": "#0"},
				"west": {"uv": [6, 3.5, 7.5, 5.5], "texture": "#0"},
				"up": {"uv": [0, 0, 0, 1.5], "texture": "#0"},
				"down": {"uv": [0, 0, 0, 1.5], "texture": "#0"}
			}
		}
	],
	"display": {
		"thirdperson_righthand": {
			"translation": [0, 1.75, -2],
			"scale": [0.6, 0.6, 0.6]
		},
		"thirdperson_lefthand": {
			"translation": [0, 1.75, -2],
			"scale": [0.6, 0.6, 0.6]
		},
		"firstperson_righthand": {
			"rotation": [27, 3, -23],
			"translation": [2.25, 14.5, -0.25],
			"scale": [1, 1, 0.9]
		},
		"firstperson_lefthand": {
			"rotation": [5, -5, 0],
			"translation": [2.25, 4.5, -0.25],
			"scale": [1, 1, 0.9]
		},
		"ground": {
			"rotation": [0, 0, 90],
			"translation": [-0.75, 3, 0],
			"scale": [0.4, 0.4, 0.4]
		},
		"gui": {
			"rotation": [90, -46.5, 90],
			"translation": [-0.5, 2, 0],
			"scale": [0.63, 0.63, 0.63]
		},
		"fixed": {
			"rotation": [0, 90, 0],
			"translation": [0, 1, 0],
			"scale": [0.5, 0.5, 0.5]
		}
	}
}