{
	"credit": "Made by EPRB",
	"textures": {
		"2": "movements:item/iron_block",
		"3": "movements:item/smithing_table_top_black",
		"particle": "movements:item/smithing_table_top_gray"
	},
	"elements": [
		{
			"from": [7.35, -0.25, 2.475],
			"to": [8.6, 2.75, 4.475],
			"rotation": {"angle": 22.5, "axis": "x", "origin": [7.1, 0, 5]},
			"faces": {
				"north": {"uv": [7, 6, 10, 7], "rotation": 90, "texture": "#3"},
				"east": {"uv": [10, 7, 7, 5], "rotation": 90, "texture": "#3"},
				"south": {"uv": [10, 5, 7, 6], "rotation": 90, "texture": "#3"},
				"west": {"uv": [10, 5, 7, 7], "rotation": 90, "texture": "#3"},
				"up": {"uv": [8.5, 10.5, 9.75, 12.5], "texture": "#3"},
				"down": {"uv": [8.5, 10.5, 9.75, 12.5], "texture": "#3"}
			}
		},
		{
			"from": [7.35, -0.5, 2.475],
			"to": [8.6, -0.25, 4.725],
			"rotation": {"angle": 22.5, "axis": "x", "origin": [7.1, 0, 5]},
			"faces": {
				"north": {"uv": [3, 2.25, 3.25, 1], "rotation": 90, "texture": "#particle"},
				"east": {"uv": [8.75, 0.25, 5.5, 0.5], "texture": "#particle"},
				"south": {"uv": [3, 2.25, 3.25, 1], "rotation": 90, "texture": "#particle"},
				"west": {"uv": [3, 3.25, 3.25, 1], "rotation": 90, "texture": "#particle"},
				"up": {"uv": [3, 2.25, 5.25, 1], "rotation": 90, "texture": "#particle"},
				"down": {"uv": [3, 3.5, 7.5, 1], "rotation": 90, "texture": "#particle"}
			}
		},
		{
			"from": [7.25, 4.25, 4.5],
			"to": [8.75, 5.75, 9.5],
			"rotation": {"angle": 0, "axis": "x", "origin": [7, 0.25, 4]},
			"faces": {
				"north": {"uv": [4, 6, 5.5, 7.5], "texture": "#particle"},
				"east": {"uv": [5, 0, 10, 1.5], "texture": "#particle"},
				"south": {"uv": [4, 6, 5.5, 7.5], "texture": "#particle"},
				"west": {"uv": [10, 0, 5, 1.5], "texture": "#particle"},
				"up": {"uv": [5, 0, 10, 2], "rotation": 90, "texture": "#particle"},
				"down": {"uv": [4, 6, 9, 7.5], "rotation": 90, "texture": "#particle"}
			}
		},
		{
			"from": [7.25, 4.75, 9.5],
			"to": [8.75, 5.75, 11.5],
			"rotation": {"angle": 0, "axis": "x", "origin": [7, 0.25, 4]},
			"faces": {
				"north": {"uv": [4, 6, 5.5, 7], "texture": "#particle"},
				"east": {"uv": [11, 0, 13, 1], "texture": "#particle"},
				"south": {"uv": [3, 0, 4.5, 1], "texture": "#particle"},
				"west": {"uv": [2, 1, 4, 2], "texture": "#particle"},
				"up": {"uv": [13, 0, 15, 2], "rotation": 90, "texture": "#particle"},
				"down": {"uv": [4, 6, 6, 7.5], "rotation": 90, "texture": "#particle"}
			}
		},
		{
			"from": [7.26, 4.25, 9.5],
			"to": [8.74, 5, 11],
			"rotation": {"angle": -22.5, "axis": "x", "origin": [7.25, 4.25, 9.5]},
			"faces": {
				"north": {"uv": [5, 1, 6.48, 1.75], "texture": "#particle"},
				"east": {"uv": [5, 1, 6.5, 1.75], "texture": "#particle"},
				"south": {"uv": [5, 1, 6.48, 1.75], "texture": "#particle"},
				"west": {"uv": [5, 1, 6.5, 1.75], "texture": "#particle"},
				"up": {"uv": [5, 1, 6.48, 2.5], "texture": "#particle"},
				"down": {"uv": [5, 1, 6.48, 2.5], "texture": "#particle"}
			}
		},
		{
			"from": [7.25, 4.75, 3.925],
			"to": [8.75, 5.75, 4.5],
			"rotation": {"angle": 0, "axis": "x", "origin": [7, 0.25, 4]},
			"faces": {
				"north": {"uv": [3, 1, 4.5, 2], "texture": "#particle"},
				"east": {"uv": [3, 1, 4, 2], "texture": "#particle"},
				"south": {"uv": [3, 1, 4.5, 2], "texture": "#particle"},
				"west": {"uv": [3, 1, 3.575, 2], "texture": "#particle"},
				"up": {"uv": [3, 1, 3.575, 3], "rotation": 90, "texture": "#particle"},
				"down": {"uv": [3, 1, 3.575, 2.5], "rotation": 90, "texture": "#particle"}
			}
		},
		{
			"from": [7.375, 3.75, 4.5],
			"to": [8.625, 4.75, 9.5],
			"rotation": {"angle": 0, "axis": "x", "origin": [7, 1.25, 4]},
			"faces": {
				"north": {"uv": [4.5, 4, 5.75, 5], "texture": "#3"},
				"east": {"uv": [4.5, 4, 9.5, 5], "texture": "#3"},
				"south": {"uv": [4.5, 4, 5.75, 5], "texture": "#3"},
				"west": {"uv": [4.5, 4, 9.5, 5], "texture": "#3"},
				"up": {"uv": [4.5, 4, 5.75, 9], "texture": "#3"},
				"down": {"uv": [4, 4, 6, 9], "texture": "#3"}
			}
		},
		{
			"from": [7.5, 3.875, 9.5],
			"to": [8.5, 4.875, 11.5],
			"rotation": {"angle": 0, "axis": "x", "origin": [7, 1.25, 4]},
			"faces": {
				"north": {"uv": [6.5, 8, 7.5, 9], "texture": "#3"},
				"east": {"uv": [6.5, 8, 8.5, 9], "texture": "#3"},
				"south": {"uv": [6.5, 8, 7.5, 9], "texture": "#3"},
				"west": {"uv": [6.5, 8, 8.5, 9], "texture": "#3"},
				"up": {"uv": [6.5, 8, 7.5, 10], "texture": "#3"},
				"down": {"uv": [6.5, 8, 7.5, 10], "texture": "#3"}
			}
		},
		{
			"from": [7.5, 4, 11.5],
			"to": [8.5, 5.5, 11.75],
			"rotation": {"angle": 0, "axis": "z", "origin": [8, 4.5, 11.5]},
			"faces": {
				"north": {"uv": [7, 4.25, 8, 5.75], "texture": "#particle"},
				"east": {"uv": [7, 4.25, 7.25, 5.75], "texture": "#particle"},
				"south": {"uv": [7, 4.25, 8, 5.75], "texture": "#particle"},
				"west": {"uv": [7, 4.25, 7.25, 5.75], "texture": "#particle"},
				"up": {"uv": [7, 4.25, 8, 4.5], "texture": "#particle"},
				"down": {"uv": [7, 4.25, 8, 4.5], "texture": "#particle"}
			}
		},
		{
			"from": [7.625, 4.625, 11.51],
			"to": [8.375, 5.375, 11.76],
			"rotation": {"angle": 0, "axis": "z", "origin": [8, 4.5, 11.5]},
			"faces": {
				"north": {"uv": [8.5, 5, 9, 5.5], "texture": "#2"},
				"east": {"uv": [8.5, 5, 8.625, 5.5], "texture": "#2"},
				"south": {"uv": [15.5, 15.5, 16, 16], "texture": "#2"},
				"west": {"uv": [8.5, 5, 8.625, 5.5], "texture": "#2"},
				"up": {"uv": [8.5, 5, 9, 5.125], "texture": "#2"},
				"down": {"uv": [8.5, 5, 9, 5.125], "texture": "#2"}
			}
		},
		{
			"from": [7.25, 3.75, 3.5],
			"to": [8.75, 4.75, 4.5],
			"rotation": {"angle": 0, "axis": "x", "origin": [7, 0.25, 4]},
			"faces": {
				"north": {"uv": [5, 1, 3, 2], "texture": "#particle"},
				"east": {"uv": [3, 1, 4, 2], "texture": "#particle"},
				"south": {"uv": [3, 1, 4.5, 2], "texture": "#particle"},
				"west": {"uv": [3, 1, 4, 2], "texture": "#particle"},
				"up": {"uv": [3, 1, 4.5, 2], "texture": "#particle"},
				"down": {"uv": [3, 1, 4.5, 2], "texture": "#particle"}
			}
		},
		{
			"from": [7.251, 4.75, 3.5],
			"to": [8.731, 5.825, 4.5],
			"rotation": {"angle": 22.5, "axis": "x", "origin": [8, 4.75, 3.5]},
			"faces": {
				"north": {"uv": [3, 1, 5, 2], "rotation": 180, "texture": "#particle"},
				"east": {"uv": [3, 1, 4, 2], "rotation": 90, "texture": "#particle"},
				"south": {"uv": [3, 1, 4.48, 2.075], "texture": "#particle"},
				"west": {"uv": [3, 1, 4, 2], "rotation": 270, "texture": "#particle"},
				"up": {"uv": [3, 1, 4.48, 2], "texture": "#particle"},
				"down": {"uv": [3, 1, 4.48, 2], "rotation": 180, "texture": "#particle"}
			}
		},
		{
			"from": [7.75, 2.75, 7],
			"to": [8.25, 3.75, 7.5],
			"rotation": {"angle": 0, "axis": "x", "origin": [7, 0.75, 4]},
			"faces": {
				"north": {"uv": [10.5, 11.5, 11.5, 12], "rotation": 90, "texture": "#3"},
				"east": {"uv": [10.5, 11.5, 11.5, 12], "rotation": 90, "texture": "#3"},
				"south": {"uv": [10.5, 11.5, 11.5, 12], "rotation": 90, "texture": "#3"},
				"west": {"uv": [10.5, 11.5, 11.5, 12], "rotation": 90, "texture": "#3"},
				"up": {"uv": [10.5, 11.5, 11, 12], "rotation": 90, "texture": "#3"},
				"down": {"uv": [10.5, 11.5, 11, 12], "rotation": 90, "texture": "#3"}
			}
		},
		{
			"from": [7.76, 2.25, 5.25],
			"to": [8.24, 2.75, 7],
			"rotation": {"angle": 0, "axis": "x", "origin": [7, 0.75, 5]},
			"faces": {
				"north": {"uv": [11, 9.98, 10.5, 9.5], "rotation": 90, "texture": "#3"},
				"east": {"uv": [11, 11.25, 10.5, 9.5], "rotation": 90, "texture": "#3"},
				"south": {"uv": [11, 9.98, 10.5, 9.5], "rotation": 90, "texture": "#3"},
				"west": {"uv": [11, 11.25, 10.5, 9.5], "rotation": 90, "texture": "#3"},
				"up": {"uv": [12.25, 9.98, 10.5, 9.5], "rotation": 90, "texture": "#3"},
				"down": {"uv": [12.25, 9.98, 10.5, 9.5], "rotation": 90, "texture": "#3"}
			}
		},
		{
			"from": [7.74, 2.25, 7],
			"to": [8.26, 2.75, 7.7],
			"rotation": {"angle": -45, "axis": "x", "origin": [7.5, 2.25, 7]},
			"faces": {
				"north": {"uv": [10.75, 9.95, 10.25, 9.25], "rotation": 90, "texture": "#3"},
				"east": {"uv": [10.75, 9.95, 10.25, 9.25], "rotation": 90, "texture": "#3"},
				"south": {"uv": [10.75, 9.95, 10.25, 9.25], "rotation": 90, "texture": "#3"},
				"west": {"uv": [10.75, 9.95, 10.25, 9.25], "rotation": 90, "texture": "#3"},
				"up": {"uv": [10.75, 9.95, 10.25, 9.25], "rotation": 90, "texture": "#3"},
				"down": {"uv": [10.75, 9.95, 10.25, 9.25], "rotation": 90, "texture": "#3"}
			}
		},
		{
			"from": [7.34, 2.75, 3.5],
			"to": [8.61, 3.75, 5.5],
			"rotation": {"angle": 0, "axis": "x", "origin": [7.1, 0.75, 5]},
			"faces": {
				"north": {"uv": [9, 11.5, 10.27, 12.5], "texture": "#3"},
				"east": {"uv": [9, 6, 7, 5], "texture": "#3"},
				"south": {"uv": [7, 10.5, 8.27, 11.5], "texture": "#3"},
				"west": {"uv": [7, 5, 9, 6], "texture": "#3"},
				"up": {"uv": [9.29, 12.5, 8.02, 10.5], "texture": "#3"},
				"down": {"uv": [5, 4.5, 6.02, 6.5], "texture": "#3"}
			}
		},
		{
			"from": [8, 3.075, 6.775],
			"to": [8, 4.075, 7.775],
			"rotation": {"angle": -45, "axis": "x", "origin": [8, 0, 3.25]},
			"faces": {
				"north": {"uv": [3, 1, 3, 2], "texture": "#particle"},
				"east": {"uv": [3, 1, 4, 2], "texture": "#particle"},
				"south": {"uv": [3, 1, 3, 2], "texture": "#particle"},
				"west": {"uv": [3, 1, 4, 2], "texture": "#particle"},
				"up": {"uv": [3, 1, 3, 2], "texture": "#particle"},
				"down": {"uv": [3, 1, 3, 2], "texture": "#particle"}
			}
		},
		{
			"from": [8.25, 5.1, 4.525],
			"to": [8.25, 6.1, 5.525],
			"rotation": {"angle": 0, "axis": "x", "origin": [8, 1, 3.25]},
			"faces": {
				"north": {"uv": [8, 0, 8, 1], "texture": "#particle"},
				"east": {"uv": [8, 0, 9, 1], "texture": "#particle"},
				"south": {"uv": [8, 0, 8, 1], "texture": "#particle"},
				"west": {"uv": [8, 0, 9, 1], "texture": "#particle"},
				"up": {"uv": [8, 0, 8, 1], "texture": "#particle"},
				"down": {"uv": [8, 0, 8, 1], "texture": "#particle"}
			}
		},
		{
			"from": [7.75, 5.1, 4.525],
			"to": [7.75, 6.1, 5.525],
			"rotation": {"angle": 0, "axis": "x", "origin": [8, 0, 3.25]},
			"faces": {
				"north": {"uv": [6, 3, 6, 4], "texture": "#particle"},
				"east": {"uv": [6, 3, 7, 4], "texture": "#particle"},
				"south": {"uv": [6, 3, 6, 4], "texture": "#particle"},
				"west": {"uv": [6, 3, 7, 4], "texture": "#particle"},
				"up": {"uv": [6, 3, 6, 4], "texture": "#particle"},
				"down": {"uv": [6, 3, 6, 4], "texture": "#particle"}
			}
		},
		{
			"from": [8, 5.1, 11],
			"to": [8, 6.1, 11.5],
			"rotation": {"angle": 0, "axis": "x", "origin": [8, 0, 3.25]},
			"faces": {
				"north": {"uv": [6, 3, 6, 4], "texture": "#particle"},
				"east": {"uv": [6, 3, 7, 4], "texture": "#particle"},
				"south": {"uv": [6, 3, 6, 4], "texture": "#particle"},
				"west": {"uv": [6, 3, 7, 4], "texture": "#particle"},
				"up": {"uv": [6, 3, 6, 4], "texture": "#particle"},
				"down": {"uv": [6, 3, 6, 4], "texture": "#particle"}
			}
		},
		{
			"from": [8.01, 5.1, 11],
			"to": [8.01, 6.1, 11.5],
			"rotation": {"angle": 22.5, "axis": "x", "origin": [8, 6.1, 11]},
			"faces": {
				"north": {"uv": [6, 3, 6, 4], "texture": "#particle"},
				"east": {"uv": [6, 3, 7, 4], "texture": "#particle"},
				"south": {"uv": [6, 3, 6, 4], "texture": "#particle"},
				"west": {"uv": [6, 3, 7, 4], "texture": "#particle"},
				"up": {"uv": [6, 3, 6, 4], "texture": "#particle"},
				"down": {"uv": [6, 3, 6, 4], "texture": "#particle"}
			}
		},
		{
			"from": [8, 2.35, 7],
			"to": [8, 3.35, 8],
			"rotation": {"angle": -22.5, "axis": "x", "origin": [8, 0, 5]},
			"faces": {
				"north": {"uv": [12, 7.5, 12, 8], "texture": "#3"},
				"east": {"uv": [12, 7.5, 12.5, 8], "texture": "#3"},
				"south": {"uv": [12, 7.5, 12, 8], "texture": "#3"},
				"west": {"uv": [12, 7.5, 12.5, 8], "texture": "#3"},
				"up": {"uv": [12, 7.5, 12, 8], "texture": "#3"},
				"down": {"uv": [12, 7.5, 12, 8], "texture": "#3"}
			}
		}
	],
	"gui_light": "front",
	"display": {
		"thirdperson_righthand": {
			"rotation": [0, 180, 0],
			"translation": [0, 3.7, -2],
			"scale": [0.85, 0.85, 0.85]
		},
		"thirdperson_lefthand": {
			"rotation": [0, 180, 0],
			"translation": [0, 5.25, -1.75]
		},
		"firstperson_righthand": {
			"rotation": [33, 180, 32],
			"translation": [1, 19.75, 2.25],
			"scale": [0.9, 0.9, 0.9]
		},
		"firstperson_lefthand": {
			"rotation": [2, 180, 0],
			"translation": [0.5, 7.75, 0.25]
		},
		"ground": {
			"rotation": [0, 0, 90],
			"translation": [-3, 3, 1.25],
			"scale": [0.8, 0.8, 0.8]
		},
		"gui": {
			"rotation": [90, -57, 90],
			"translation": [-2.25, 7, 0],
			"scale": [1.57, 1.57, -1.57]
		},
		"fixed": {
			"rotation": [0, -90, 0],
			"translation": [-0.75, 5.75, 0],
			"scale": [1.37, 1.37, 1.37]
		}
	},
	"groups": [
		{
			"name": "part1",
			"origin": [8, 8, 8],
			"color": 0,
			"children": []
		},
		{
			"name": "part2",
			"origin": [8, 8, 8],
			"color": 0,
			"children": [0, 1, 2, 3, 4, 5, 6, 7, 8, 9, 10, 11, 12, 13, 14, 15, 16, 17, 18, 19, 20, 21]
		}
	]
}