{
	"credit": "Made by EPRB",
	"texture_size": [32, 32],
	"textures": {
		"0": "movements:item/p90",
		"particle": "movements:item/p90"
	},
	"elements": [
		{
			"from": [7, 2, 9],
			"to": [9, 7, 14],
			"rotation": {"angle": 0, "axis": "y", "origin": [0, 0, 2.25]},
			"faces": {
				"north": {"uv": [11, 1, 12, 3.5], "texture": "#0"},
				"east": {"uv": [15, 1, 12.5, 3.5], "texture": "#0"},
				"south": {"uv": [15, 1, 16, 3.5], "texture": "#0"},
				"west": {"uv": [12.5, 1, 15, 3.5], "texture": "#0"},
				"up": {"uv": [12.5, 0, 15, 1], "rotation": 90, "texture": "#0"},
				"down": {"uv": [12.5, 3.5, 15, 4.5], "rotation": 90, "texture": "#0"}
			}
		},
		{
			"from": [7, 5, 4],
			"to": [9, 6, 9],
			"rotation": {"angle": 0, "axis": "y", "origin": [0, 0, 2.25]},
			"faces": {
				"north": {"uv": [12, 2.5, 13, 3], "texture": "#0"},
				"east": {"uv": [12, 2.5, 14.5, 3], "texture": "#0"},
				"south": {"uv": [14, 2.5, 15, 3], "texture": "#0"},
				"west": {"uv": [12, 2.5, 14.5, 3], "texture": "#0"},
				"up": {"uv": [12, 2.5, 14.5, 3.5], "rotation": 90, "texture": "#0"},
				"down": {"uv": [12, 2, 14.5, 3], "rotation": 90, "texture": "#0"}
			}
		},
		{
			"from": [7, 6, 4],
			"to": [9, 8, 5],
			"rotation": {"angle": 0, "axis": "y", "origin": [0, 0, 2.25]},
			"faces": {
				"north": {"uv": [12.5, 1.5, 13.5, 2.5], "texture": "#0"},
				"east": {"uv": [13.5, 1.5, 14, 2.5], "texture": "#0"},
				"south": {"uv": [14, 1.5, 15, 2.5], "texture": "#0"},
				"west": {"uv": [13.5, 1.5, 14, 2.5], "texture": "#0"},
				"up": {"uv": [13.5, 0.5, 14, 1.5], "rotation": 90, "texture": "#0"},
				"down": {"uv": [13.5, 2.5, 14, 3.5], "rotation": 90, "texture": "#0"}
			}
		},
		{
			"from": [7.25, 7.25, 0],
			"to": [8.75, 8.25, 4],
			"rotation": {"angle": 0, "axis": "y", "origin": [0, 0, 2.25]},
			"faces": {
				"north": {"uv": [11.5, 2.5, 12.5, 3], "texture": "#0"},
				"east": {"uv": [12.5, 2.5, 14.5, 3], "texture": "#0"},
				"south": {"uv": [14.5, 2.5, 15.5, 3], "texture": "#0"},
				"west": {"uv": [12.5, 2.5, 14.5, 3], "texture": "#0"},
				"up": {"uv": [13, 2.5, 15, 3.5], "rotation": 90, "texture": "#0"},
				"down": {"uv": [12.5, 3, 14.5, 4], "rotation": 90, "texture": "#0"}
			}
		},
		{
			"from": [8, 7.5, -1],
			"to": [8, 8.5, 5],
			"rotation": {"angle": 0, "axis": "y", "origin": [0, 0, 2.25]},
			"faces": {
				"north": {"uv": [10, 9.5, 9.5, 6.5], "rotation": 90, "texture": "#0"},
				"east": {"uv": [10, 6.5, 9.5, 9.5], "rotation": 90, "texture": "#0"},
				"south": {"uv": [10, 9.5, 9.5, 6.5], "rotation": 90, "texture": "#0"},
				"west": {"uv": [10, 9.5, 9.5, 6.5], "rotation": 90, "texture": "#0"},
				"up": {"uv": [10, 9.5, 9.5, 6.5], "rotation": 90, "texture": "#0"},
				"down": {"uv": [10, 9.5, 9.5, 6.5], "rotation": 90, "texture": "#0"}
			}
		},
		{
			"from": [8, 7.75, -1],
			"to": [8, 8.75, 5],
			"rotation": {"angle": 0, "axis": "y", "origin": [0, 0, 2.25]},
			"faces": {
				"north": {"uv": [11.5, 2.5, 12.5, 3], "texture": "#0"},
				"east": {"uv": [9.5, 1.5, 10, 4.5], "rotation": 90, "texture": "#0"},
				"south": {"uv": [14.5, 2.5, 15.5, 3], "texture": "#0"},
				"west": {"uv": [10, 4.5, 9.5, 1.5], "rotation": 90, "texture": "#0"},
				"up": {"uv": [13, 2.5, 15, 3.5], "rotation": 90, "texture": "#0"},
				"down": {"uv": [12.5, 3, 14.5, 4], "rotation": 90, "texture": "#0"}
			}
		},
		{
			"from": [7.25, 5, 0],
			"to": [8.75, 6, 4],
			"rotation": {"angle": 0, "axis": "y", "origin": [0, 0, 2.25]},
			"faces": {
				"north": {"uv": [0, 1, 0.75, 1.5], "texture": "#0"},
				"east": {"uv": [0.5, 1.5, 2.5, 2], "texture": "#0"},
				"south": {"uv": [5, 1, 5.75, 1.5], "texture": "#0"},
				"west": {"uv": [0.5, 1, 2.5, 1.5], "texture": "#0"},
				"up": {"uv": [1, 0, 3, 0.75], "rotation": 90, "texture": "#0"},
				"down": {"uv": [1, 2, 3, 2.75], "rotation": 90, "texture": "#0"}
			}
		},
		{
			"from": [7.25, 4, -1],
			"to": [8.75, 8, 0],
			"rotation": {"angle": 0, "axis": "y", "origin": [0, 0, 2.25]},
			"faces": {
				"north": {"uv": [0, 1, 1, 3], "texture": "#0"},
				"east": {"uv": [1, 1, 1.5, 3], "texture": "#0"},
				"south": {"uv": [5, 1, 6, 3], "texture": "#0"},
				"west": {"uv": [1, 1, 1.5, 3], "texture": "#0"},
				"up": {"uv": [1, 0, 1.5, 0.75], "rotation": 90, "texture": "#0"},
				"down": {"uv": [1, 2, 1.5, 2.75], "rotation": 90, "texture": "#0"}
			}
		},
		{
			"from": [7.5, 5, -2.25],
			"to": [8.5, 6, -1],
			"rotation": {"angle": 45, "axis": "z", "origin": [8, 5.5, -2.75]},
			"faces": {
				"north": {"uv": [15.5, 0.5, 16, 1], "texture": "#0"},
				"east": {"uv": [1, 1, 1.625, 1.5], "texture": "#0"},
				"south": {"uv": [5, 1, 5.5, 1.5], "texture": "#0"},
				"west": {"uv": [1, 1, 1.625, 1.5], "texture": "#0"},
				"up": {"uv": [1, 0, 1.625, 0.5], "rotation": 90, "texture": "#0"},
				"down": {"uv": [1, 2, 1.625, 2.5], "rotation": 90, "texture": "#0"}
			}
		},
		{
			"from": [7.25, 4.75, -2.24],
			"to": [8.75, 6.25, -1.74],
			"rotation": {"angle": 45, "axis": "z", "origin": [8, 5.5, 2.25]},
			"faces": {
				"north": {"uv": [0, 1, 0.75, 1.75], "texture": "#0"},
				"east": {"uv": [1, 1, 1.25, 1.75], "texture": "#0"},
				"south": {"uv": [5, 1, 5.75, 1.75], "texture": "#0"},
				"west": {"uv": [1, 1, 1.25, 1.75], "texture": "#0"},
				"up": {"uv": [1, 0, 1.25, 0.75], "rotation": 90, "texture": "#0"},
				"down": {"uv": [1, 2, 1.25, 2.75], "rotation": 90, "texture": "#0"}
			}
		},
		{
			"from": [7.25, 2, 7],
			"to": [8.75, 5, 9],
			"rotation": {"angle": 0, "axis": "y", "origin": [0, 0, 2.25]},
			"faces": {
				"north": {"uv": [9.5, 0, 10, 1.5], "texture": "#0"},
				"east": {"uv": [11, 0, 9.5, 1.5], "texture": "#0"},
				"south": {"uv": [10.25, 0, 11, 1.5], "texture": "#0"},
				"west": {"uv": [9.5, 0, 11, 1.5], "texture": "#0"},
				"up": {"uv": [9.5, 0.75, 11, 1.5], "rotation": 90, "texture": "#0"},
				"down": {"uv": [9.5, 0, 11, 0.5], "rotation": 90, "texture": "#0"}
			}
		},
		{
			"from": [7.25, 2, 1],
			"to": [8.75, 3, 3],
			"rotation": {"angle": 0, "axis": "y", "origin": [0, 0, 2.25]},
			"faces": {
				"north": {"uv": [0, 1, 1, 1.5], "texture": "#0"},
				"east": {"uv": [1, 1, 2, 1.5], "texture": "#0"},
				"south": {"uv": [5, 1, 6, 1.5], "texture": "#0"},
				"west": {"uv": [1, 1, 2, 1.5], "texture": "#0"},
				"up": {"uv": [1, 0, 2, 1], "rotation": 90, "texture": "#0"},
				"down": {"uv": [1, 2, 2, 2.75], "rotation": 90, "texture": "#0"}
			}
		},
		{
			"from": [7.245, 2.5, 3],
			"to": [8.755, 3, 4],
			"rotation": {"angle": 0, "axis": "y", "origin": [0, 0, 2.25]},
			"faces": {
				"north": {"uv": [0, 1, 1, 1.5], "texture": "#0"},
				"east": {"uv": [1, 1, 2, 1.5], "texture": "#0"},
				"south": {"uv": [5, 1, 6, 1.5], "texture": "#0"},
				"west": {"uv": [1, 1, 2, 1.5], "texture": "#0"},
				"up": {"uv": [1, 0, 2, 1], "rotation": 90, "texture": "#0"},
				"down": {"uv": [1, 2, 2, 2.75], "rotation": 90, "texture": "#0"}
			}
		},
		{
			"from": [7.25, 2, 4],
			"to": [8.75, 3, 7],
			"rotation": {"angle": 0, "axis": "y", "origin": [0, 0, 2.25]},
			"faces": {
				"north": {"uv": [0, 1, 1, 1.5], "texture": "#0"},
				"east": {"uv": [1, 1, 2.5, 1.5], "texture": "#0"},
				"south": {"uv": [5, 1, 6, 1.5], "texture": "#0"},
				"west": {"uv": [1, 1, 2.5, 1.5], "texture": "#0"},
				"up": {"uv": [1, 0, 2.5, 1], "rotation": 90, "texture": "#0"},
				"down": {"uv": [1, 2, 2.5, 2.75], "rotation": 90, "texture": "#0"}
			}
		},
		{
			"from": [7.26, 2, 4],
			"to": [8.74, 3.425, 5],
			"rotation": {"angle": -45, "axis": "x", "origin": [7.25, 2, 4]},
			"faces": {
				"north": {"uv": [0, 1, 0.74, 1.7125], "texture": "#0"},
				"east": {"uv": [1, 1, 1.5, 1.7125], "texture": "#0"},
				"south": {"uv": [5, 1, 5.74, 1.7125], "texture": "#0"},
				"west": {"uv": [1, 1, 1.5, 1.7125], "texture": "#0"},
				"up": {"uv": [1, 0, 1.5, 0.74], "rotation": 90, "texture": "#0"},
				"down": {"uv": [1, 2, 1.5, 2.74], "rotation": 90, "texture": "#0"}
			}
		},
		{
			"from": [7.26, 2, 1],
			"to": [8.74, 3.425, 2],
			"rotation": {"angle": -45, "axis": "x", "origin": [7.25, 2, 1]},
			"faces": {
				"north": {"uv": [0, 1, 1, 2], "texture": "#0"},
				"east": {"uv": [1, 1, 1.5, 1.7125], "texture": "#0"},
				"south": {"uv": [5, 1, 5.74, 1.7125], "texture": "#0"},
				"west": {"uv": [1, 1, 1.5, 1.7125], "texture": "#0"},
				"up": {"uv": [1, 0, 1.5, 0.74], "rotation": 90, "texture": "#0"},
				"down": {"uv": [1, 2, 1.5, 2.74], "rotation": 90, "texture": "#0"}
			}
		},
		{
			"from": [7.25, 3, 0],
			"to": [8.75, 5, 1],
			"rotation": {"angle": 0, "axis": "y", "origin": [0, 0, 2.25]},
			"faces": {
				"north": {"uv": [0, 1, 1, 2], "texture": "#0"},
				"east": {"uv": [1, 1, 1.5, 2], "texture": "#0"},
				"south": {"uv": [5, 1, 6, 2], "texture": "#0"},
				"west": {"uv": [1, 1, 1.5, 2], "texture": "#0"},
				"up": {"uv": [1, 0, 1.5, 1], "rotation": 90, "texture": "#0"},
				"down": {"uv": [1, 2, 1.5, 3], "rotation": 90, "texture": "#0"}
			}
		},
		{
			"from": [7.25, 3, 3],
			"to": [8.75, 5, 5],
			"rotation": {"angle": 0, "axis": "y", "origin": [0, 0, 2.25]},
			"faces": {
				"north": {"uv": [0, 1, 1, 2], "texture": "#0"},
				"east": {"uv": [1, 1, 2, 2], "texture": "#0"},
				"south": {"uv": [5, 1, 6, 2], "texture": "#0"},
				"west": {"uv": [1, 1, 2, 2], "texture": "#0"},
				"up": {"uv": [1, 0, 2, 1], "rotation": 90, "texture": "#0"},
				"down": {"uv": [1, 2, 2, 3], "rotation": 90, "texture": "#0"}
			}
		},
		{
			"from": [8, 4, 2.425],
			"to": [8, 5, 3.175],
			"rotation": {"angle": 22.5, "axis": "x", "origin": [8, 5, 3]},
			"faces": {
				"north": {"uv": [0, 1, 0, 1.5], "texture": "#0"},
				"east": {"uv": [1, 1, 1.5, 1.5], "texture": "#0"},
				"south": {"uv": [5, 1, 5, 1.5], "texture": "#0"},
				"west": {"uv": [1, 1, 1.5, 1.5], "texture": "#0"},
				"up": {"uv": [1, 0, 1.5, 0], "rotation": 90, "texture": "#0"},
				"down": {"uv": [1, 2, 1.5, 2], "rotation": 90, "texture": "#0"}
			}
		}
	],
	"display": {
		"thirdperson_righthand": {
			"translation": [0, 2.5, 4.25],
			"scale": [0.8, 0.8, 0.8]
		},
		"thirdperson_lefthand": {
			"translation": [0, 2.5, 4.25],
			"scale": [0.8, 0.8, 0.8]
		},
		"firstperson_righthand": {
			"rotation": [43, 73, 0],
			"translation": [-1.5, 12.5, -0.25],
			"scale": [1.6, 1.6, 1.6]
		},
		"firstperson_lefthand": {
			"rotation": [8, 4, 0],
			"translation": [3.75, 5.25, 2.25],
			"scale": [1.6, 1.6, 1.6]
		},
		"ground": {
			"rotation": [0, 0, 90],
			"translation": [-0.75, 3, 0.75],
			"scale": [0.4, 0.4, 0.4]
		},
		"gui": {
			"rotation": [90, -51, 90],
			"translation": [-3.25, 1.25, 0],
			"scale": [1.05, 1.05, 1.05]
		},
		"fixed": {
			"rotation": [0, 90, 0],
			"translation": [2, 3, 0]
		}
	}
}