{
	"credit": "Made by EPRB",
	"texture_size": [32, 32],
	"textures": {
		"0": "movements:item/weapon/chainsaw",
		"particle": "movements:item/weapon/chainsaw"
	},
	"elements": [
		{
			"from": [5, 0, 6],
			"to": [11, 7, 15],
			"faces": {
				"north": {"uv": [0, 0, 3, 3.5], "texture": "#0"},
				"east": {"uv": [4, 3, 8.5, 6.5], "texture": "#0"},
				"south": {"uv": [4, 0, 7.5, 3], "rotation": 90, "texture": "#0"},
				"west": {"uv": [0, 3, 4.5, 6.5], "texture": "#0"},
				"up": {"uv": [0, 0, 4.5, 3], "rotation": 90, "texture": "#0"},
				"down": {"uv": [0, 0, 3, 4.5], "texture": "#0"}
			}
		},
		{
			"from": [5.5, 7, 8],
			"to": [6.5, 11, 9],
			"rotation": {"angle": -45, "axis": "x", "origin": [5, 7, 9]},
			"faces": {
				"north": {"uv": [9, 0, 11, 0.5], "rotation": 90, "texture": "#0"},
				"east": {"uv": [9, 0, 11, 0.5], "rotation": 90, "texture": "#0"},
				"south": {"uv": [9, 0, 11, 0.5], "rotation": 90, "texture": "#0"},
				"west": {"uv": [9, 0, 11, 0.5], "rotation": 90, "texture": "#0"},
				"up": {"uv": [9, 0, 9.5, 0.5], "texture": "#0"},
				"down": {"uv": [9, 0, 9.5, 0.5], "texture": "#0"}
			}
		},
		{
			"from": [9.5, 7, 8],
			"to": [10.5, 11, 9],
			"rotation": {"angle": -45, "axis": "x", "origin": [5, 7, 9]},
			"faces": {
				"north": {"uv": [9, 0, 11, 0.5], "rotation": 90, "texture": "#0"},
				"east": {"uv": [9, 0, 11, 0.5], "rotation": 90, "texture": "#0"},
				"south": {"uv": [9, 0, 11, 0.5], "rotation": 90, "texture": "#0"},
				"west": {"uv": [9, 0, 11, 0.5], "rotation": 90, "texture": "#0"},
				"up": {"uv": [9, 0, 9.5, 0.5], "texture": "#0"},
				"down": {"uv": [9, 0, 9.5, 0.5], "texture": "#0"}
			}
		},
		{
			"from": [6.5, 10, 8],
			"to": [9.5, 11, 9],
			"rotation": {"angle": -45, "axis": "x", "origin": [5, 7, 9]},
			"faces": {
				"north": {"uv": [9, 0, 10.5, 0.5], "texture": "#0"},
				"east": {"uv": [9, 0, 9.5, 0.5], "rotation": 90, "texture": "#0"},
				"south": {"uv": [9, 0, 10.5, 0.5], "texture": "#0"},
				"west": {"uv": [9, 0, 9.5, 0.5], "rotation": 90, "texture": "#0"},
				"up": {"uv": [9, 0, 10.5, 0.5], "texture": "#0"},
				"down": {"uv": [9, 0, 10.5, 0.5], "texture": "#0"}
			}
		},
		{
			"from": [4, 1, 7],
			"to": [5, 5, 11],
			"faces": {
				"north": {"uv": [8.5, 11, 10.5, 11.5], "rotation": 90, "texture": "#0"},
				"east": {"uv": [8.75, 8.75, 10.75, 10.75], "texture": "#0"},
				"south": {"uv": [11, 8.5, 11.5, 10.5], "texture": "#0"},
				"west": {"uv": [8.5, 8.5, 10.5, 10.5], "texture": "#0"},
				"up": {"uv": [8.5, 8, 10.5, 8.5], "rotation": 90, "texture": "#0"},
				"down": {"uv": [8, 8.5, 8.5, 10.5], "texture": "#0"}
			}
		},
		{
			"from": [5.5, 1, 5],
			"to": [8.5, 5, 6],
			"faces": {
				"north": {"uv": [12, 8.5, 13.5, 10.5], "texture": "#0"},
				"east": {"uv": [8, 9, 8.5, 11], "texture": "#0"},
				"south": {"uv": [10, 8.5, 11.5, 10.5], "texture": "#0"},
				"west": {"uv": [8, 8.5, 8.5, 10.5], "texture": "#0"},
				"up": {"uv": [8.5, 8, 10, 8.5], "texture": "#0"},
				"down": {"uv": [9.5, 11, 11, 11.5], "texture": "#0"}
			}
		},
		{
			"from": [7, 6, 15],
			"to": [9, 7, 16],
			"faces": {
				"north": {"uv": [9, 0, 9.5, 1], "rotation": 90, "texture": "#0"},
				"east": {"uv": [9, 0, 9.5, 0.5], "texture": "#0"},
				"south": {"uv": [9, 0, 9.5, 1], "rotation": 90, "texture": "#0"},
				"west": {"uv": [9, 0.5, 9.5, 1], "texture": "#0"},
				"up": {"uv": [9, 0, 9.5, 1], "rotation": 90, "texture": "#0"},
				"down": {"uv": [9, 0, 9.5, 1], "rotation": 90, "texture": "#0"}
			}
		},
		{
			"from": [7.01, 1.35, 15],
			"to": [8.99, 7, 16],
			"rotation": {"angle": -45, "axis": "x", "origin": [7, 7, 16]},
			"faces": {
				"north": {"uv": [8.5, 0.99, 11.325, 0], "rotation": 90, "texture": "#0"},
				"east": {"uv": [8.5, 0, 11.325, 0.5], "rotation": 90, "texture": "#0"},
				"south": {"uv": [8.5, 0, 11.325, 0.99], "rotation": 90, "texture": "#0"},
				"west": {"uv": [8.5, 0.5, 11.325, 1], "rotation": 90, "texture": "#0"},
				"up": {"uv": [8.5, 0, 9.49, 0.5], "texture": "#0"},
				"down": {"uv": [8.5, 0, 9.49, 0.5], "texture": "#0"}
			}
		},
		{
			"from": [7, 0, 15],
			"to": [9, 1, 19],
			"faces": {
				"north": {"uv": [9, 0, 10, 0.5], "texture": "#0"},
				"east": {"uv": [9, 0, 11, 0.5], "texture": "#0"},
				"south": {"uv": [9, 0, 10, 0.5], "texture": "#0"},
				"west": {"uv": [9, 0.5, 11, 1], "texture": "#0"},
				"up": {"uv": [9, 0, 11, 1], "rotation": 90, "texture": "#0"},
				"down": {"uv": [9, 0, 11, 1], "rotation": 90, "texture": "#0"}
			}
		},
		{
			"from": [7.01, 0, 18],
			"to": [8.99, 1.4, 19],
			"rotation": {"angle": 45, "axis": "x", "origin": [7, 0, 19]},
			"faces": {
				"north": {"uv": [10, 0, 10.99, 0.7], "texture": "#0"},
				"east": {"uv": [10, 0, 10.7, 0.5], "rotation": 90, "texture": "#0"},
				"south": {"uv": [10.99, 0, 10, 0.7], "texture": "#0"},
				"west": {"uv": [10, 0.5, 10.7, 1], "rotation": 90, "texture": "#0"},
				"up": {"uv": [10, 0, 10.99, 0.5], "texture": "#0"},
				"down": {"uv": [10, 0, 10.99, 0.5], "texture": "#0"}
			}
		},
		{
			"from": [7, 1, 19],
			"to": [9, 3, 20],
			"faces": {
				"north": {"uv": [9.5, 1, 10.5, 0], "rotation": 90, "texture": "#0"},
				"east": {"uv": [9.5, 0, 10.5, 0.5], "texture": "#0"},
				"south": {"uv": [9.5, 0, 10.5, 1], "rotation": 90, "texture": "#0"},
				"west": {"uv": [9.5, 0.5, 10.5, 1], "texture": "#0"},
				"up": {"uv": [9.5, 0, 10.5, 0.5], "rotation": 90, "texture": "#0"},
				"down": {"uv": [9.5, 0, 10.5, 0.5], "rotation": 90, "texture": "#0"}
			}
		},
		{
			"from": [9, 0, -7],
			"to": [10, 6, 6],
			"faces": {
				"north": {"uv": [0, 8.5, 0.5, 11.5], "texture": "#0"},
				"east": {"uv": [0, 8.5, 6.5, 11.5], "texture": "#0"},
				"south": {"uv": [6, 8.5, 6.5, 11.5], "texture": "#0"},
				"west": {"uv": [6.5, 8.5, 0, 11.5], "texture": "#0"},
				"up": {"uv": [0, 8.5, 6.5, 9], "rotation": 90, "texture": "#0"},
				"down": {"uv": [0, 11, 6.5, 11.5], "rotation": 90, "texture": "#0"}
			}
		},
		{
			"from": [9.5, -1, -9],
			"to": [9.5, 7, 6],
			"faces": {
				"north": {"uv": [0, 8, 0, 12], "texture": "#0"},
				"east": {"uv": [0, 8, 7.5, 12], "texture": "#0"},
				"south": {"uv": [0, 8, 0, 12], "texture": "#0"},
				"west": {"uv": [7.5, 8, 0, 12], "texture": "#0"},
				"up": {"uv": [0, 8, 0, 15.5], "texture": "#0"},
				"down": {"uv": [0, 8, 0, 15.5], "texture": "#0"}
			}
		},
		{
			"from": [9, 1, -8],
			"to": [10, 5, -7],
			"faces": {
				"north": {"uv": [6.5, 9, 7, 11], "texture": "#0"},
				"east": {"uv": [6.5, 9, 7, 11], "texture": "#0"},
				"south": {"uv": [6.5, 9, 7, 11], "texture": "#0"},
				"west": {"uv": [6.5, 9, 7, 11], "texture": "#0"},
				"up": {"uv": [6.5, 9, 7, 9.5], "texture": "#0"},
				"down": {"uv": [6.5, 9, 7, 9.5], "texture": "#0"}
			}
		}
	],
	"gui_light": "front",
	"display": {
		"thirdperson_righthand": {
			"rotation": [67, 0, 0],
			"translation": [0, -2.5, 2.75],
			"scale": [1.25, 1.25, 1.25]
		},
		"firstperson_righthand": {
			"rotation": [66, 14, 0],
			"translation": [4.25, 4.5, 0]
		},
		"ground": {
			"rotation": [0, 0, -90],
			"translation": [3.75, 4, 2.5],
			"scale": [0.8, 0.8, 0.8]
		},
		"gui": {
			"rotation": [25, -45, 0],
			"translation": [-1.25, 1.5, 0],
			"scale": [0.7, 0.7, 0.7]
		}
	}
}