{
	"credit": "Made with Blockbench",
	"parent": "item/handheld",
	"textures": {
		"layer0": "movements:item/weapon/karambit"
	},
	"display": {
		"thirdperson_righthand": {
			"rotation": [-128, 90, 0],
			"translation": [0, -6.75, -0.25],
			"scale": [0.75, 0.75, 0.75]
		},
		"thirdperson_lefthand": {
			"rotation": [170, 89, 22],
			"translation": [0, -0.5, 4.75],
			"scale": [0.7, 0.7, 0.7]
		},
		"firstperson_righthand": {
			"rotation": [-40, 97, 0],
			"translation": [0.5, 3.75, -1.25],
			"scale": [0.8, 0.8, 0.8]
		},
		"firstperson_lefthand": {
			"translation": [-7, -1.25, 8],
			"scale": [4, 4, 4]
		},
		"gui": {
			"translation": [2, 1, 0]
		}
	}
}