{
	"credit": "Made with Blockbench",
	"texture_size": [32, 32],
	"textures": {
		"0": "movements:item/weapon/katana",
		"particle": "movements:item/weapon/katana"
	},
	"elements": [
		{
			"from": [5.975, 4, 7],
			"to": [5.975, 5, 8],
			"rotation": {"angle": 0, "axis": "y", "origin": [8, 8, 8]},
			"faces": {
				"north": {"uv": [8, 7.5, 16, 15.5], "texture": "#0"},
				"east": {"uv": [8, 7.5, 16, 15.5], "texture": "#0"},
				"south": {"uv": [8, 7.5, 16, 15.5], "texture": "#0"},
				"west": {"uv": [8, 7.5, 16, 15.5], "texture": "#0"},
				"up": {"uv": [8, 7.5, 16, 15.5], "texture": "#0"},
				"down": {"uv": [8, 7.5, 16, 15.5], "texture": "#0"}
			}
		},
		{
			"from": [10, 4, 7],
			"to": [10, 5, 8],
			"faces": {
				"north": {"uv": [8, 7.5, 16, 15.5], "texture": "#0"},
				"east": {"uv": [8, 7.5, 16, 15.5], "texture": "#0"},
				"south": {"uv": [8, 7.5, 16, 15.5], "texture": "#0"},
				"west": {"uv": [8, 7.5, 16, 15.5], "texture": "#0"},
				"up": {"uv": [8, 7.5, 16, 15.5], "texture": "#0"},
				"down": {"uv": [8, 7.5, 16, 15.5], "texture": "#0"}
			}
		},
		{
			"from": [7.01, 4, 7],
			"to": [9.01, 17, 8],
			"faces": {
				"north": {"uv": [1, 1.5, 0, 8], "texture": "#0"},
				"east": {"uv": [0.5, 1.5, 1, 8], "texture": "#0"},
				"south": {"uv": [0, 1.5, 1, 8], "texture": "#0"},
				"west": {"uv": [0, 1.5, 0.5, 8], "texture": "#0"},
				"up": {"uv": [0, 0, 1, 0.5], "texture": "#0"},
				"down": {"uv": [0, 0, 1, 0.5], "texture": "#0"}
			}
		},
		{
			"from": [7, -1, 7],
			"to": [9, 4, 8],
			"faces": {
				"north": {"uv": [4.5, 1, 5.5, 3.5], "texture": "#0"},
				"east": {"uv": [3.5, 1, 4, 3.5], "texture": "#0"},
				"south": {"uv": [5.5, 1, 4.5, 3.5], "texture": "#0"},
				"west": {"uv": [6, 1, 6.5, 3.5], "texture": "#0"},
				"up": {"uv": [0, 0, 1, 0.5], "texture": "#0"},
				"down": {"uv": [5.5, 4, 4.5, 4.5], "texture": "#0"}
			}
		},
		{
			"from": [7.5, 2.25, 6.99],
			"to": [8.5, 3.25, 8.01],
			"rotation": {"angle": 45, "axis": "z", "origin": [8, 2.75, 7]},
			"faces": {
				"north": {"uv": [3.5, 6.5, 4, 7], "texture": "#0"},
				"east": {"uv": [3.5, 6.5, 4, 7], "texture": "#0"},
				"south": {"uv": [3.5, 6.5, 4, 7], "texture": "#0"},
				"west": {"uv": [3.5, 6.5, 4, 7], "texture": "#0"},
				"up": {"uv": [3.5, 6.5, 4, 7], "texture": "#0"},
				"down": {"uv": [3.5, 6.5, 4, 7], "texture": "#0"}
			}
		},
		{
			"from": [7.5, 0.5, 6.99],
			"to": [8.5, 1.5, 8.01],
			"rotation": {"angle": 45, "axis": "z", "origin": [8, 1, 7]},
			"faces": {
				"north": {"uv": [3.5, 6.5, 4, 7], "texture": "#0"},
				"east": {"uv": [3.5, 6.5, 4, 7], "texture": "#0"},
				"south": {"uv": [3.5, 6.5, 4, 7], "texture": "#0"},
				"west": {"uv": [3.5, 6.5, 4, 7], "texture": "#0"},
				"up": {"uv": [3.5, 6.5, 4, 7], "texture": "#0"},
				"down": {"uv": [3.5, 6.5, 4, 7], "texture": "#0"}
			}
		},
		{
			"from": [7, 17, 7],
			"to": [8, 18, 8],
			"faces": {
				"north": {"uv": [0.5, 1.5, 1, 2], "texture": "#0"},
				"east": {"uv": [0.5, 1.5, 1, 2], "texture": "#0"},
				"south": {"uv": [0.5, 1.5, 1, 2], "texture": "#0"},
				"west": {"uv": [0.5, 1.5, 1, 2], "texture": "#0"},
				"up": {"uv": [0.5, 1.5, 1, 2], "texture": "#0"},
				"down": {"uv": [0.5, 1.5, 1, 2], "texture": "#0"}
			}
		},
		{
			"from": [7.025, 16.575, 6.99],
			"to": [8, 18, 8.01],
			"rotation": {"angle": 45, "axis": "z", "origin": [8, 18, 7]},
			"faces": {
				"north": {"uv": [0.5, 1.5, 0.8625, 2.2125], "texture": "#0"},
				"east": {"uv": [0.5, 1.5, 0.99, 2.2125], "texture": "#0"},
				"south": {"uv": [0.5, 1.5, 0.8625, 2.2125], "texture": "#0"},
				"west": {"uv": [0.5, 1.5, 0.99, 2.2125], "texture": "#0"},
				"up": {"uv": [0.5, 1.5, 0.8625, 1.99], "texture": "#0"},
				"down": {"uv": [0.5, 1.5, 0.8625, 1.99], "texture": "#0"}
			}
		},
		{
			"from": [7, 4, 6],
			"to": [9, 5, 9],
			"faces": {
				"north": {"uv": [2, 5.5, 3, 6], "texture": "#0"},
				"east": {"uv": [0, 0, 1.5, 0.5], "texture": "#0"},
				"south": {"uv": [2, 7.5, 3, 8], "texture": "#0"},
				"west": {"uv": [0, 0, 1.5, 0.5], "texture": "#0"},
				"up": {"uv": [2, 6, 3, 7.5], "texture": "#0"},
				"down": {"uv": [2, 4, 3, 5.5], "texture": "#0"}
			}
		},
		{
			"from": [7, 4.01, 7.575],
			"to": [8.7, 4.99, 9],
			"rotation": {"angle": 45, "axis": "y", "origin": [7, 4, 9]},
			"faces": {
				"north": {"uv": [3, 6, 3.5, 6.5], "texture": "#0"},
				"east": {"uv": [3, 6, 3.5, 6.5], "texture": "#0"},
				"south": {"uv": [3, 6, 3.5, 6.5], "texture": "#0"},
				"west": {"uv": [3, 5.5, 3.5, 6], "texture": "#0"},
				"up": {"uv": [3, 6, 3.5, 6.5], "texture": "#0"},
				"down": {"uv": [3, 6, 3.5, 6.5], "texture": "#0"}
			}
		},
		{
			"from": [5.575, 4.01, 6],
			"to": [7, 4.99, 6.7],
			"rotation": {"angle": 45, "axis": "y", "origin": [7, 4, 6]},
			"faces": {
				"north": {"uv": [3, 5.5, 3.5, 6], "texture": "#0"},
				"east": {"uv": [3, 6, 3.5, 6.5], "texture": "#0"},
				"south": {"uv": [3, 6, 3.5, 6.5], "texture": "#0"},
				"west": {"uv": [3, 6, 3.5, 6.5], "texture": "#0"},
				"up": {"uv": [3, 6, 3.5, 6.5], "texture": "#0"},
				"down": {"uv": [3, 6, 3.5, 6.5], "texture": "#0"}
			}
		},
		{
			"from": [8.3, 4.01, 7.575],
			"to": [9, 4.99, 9],
			"rotation": {"angle": -45, "axis": "y", "origin": [9, 4, 9]},
			"faces": {
				"north": {"uv": [1.5, 7, 2, 7.5], "texture": "#0"},
				"east": {"uv": [1.5, 7, 2, 7.5], "texture": "#0"},
				"south": {"uv": [1.5, 7, 2, 7.5], "texture": "#0"},
				"west": {"uv": [1.5, 7, 2, 7.5], "texture": "#0"},
				"up": {"uv": [1.5, 7, 2, 7.5], "texture": "#0"},
				"down": {"uv": [1.5, 7, 2, 7.5], "texture": "#0"}
			}
		},
		{
			"from": [9, 4.01, 6],
			"to": [10.425, 4.99, 6.7],
			"rotation": {"angle": -45, "axis": "y", "origin": [9, 4, 6]},
			"faces": {
				"north": {"uv": [3, 6, 3.5, 6.5], "texture": "#0"},
				"east": {"uv": [3, 6, 3.5, 6.5], "texture": "#0"},
				"south": {"uv": [3, 6, 3.5, 6.5], "texture": "#0"},
				"west": {"uv": [3, 6, 3.5, 6.5], "texture": "#0"},
				"up": {"uv": [3, 6, 3.5, 6.5], "texture": "#0"},
				"down": {"uv": [3, 6, 3.5, 6.5], "texture": "#0"}
			}
		},
		{
			"from": [6, 4, 7],
			"to": [10, 5, 8],
			"faces": {
				"north": {"uv": [1.5, 6.5, 3.5, 7], "texture": "#0"},
				"east": {"uv": [3.5, 6.5, 4, 7], "texture": "#0"},
				"south": {"uv": [1.5, 6.5, 3.5, 7], "texture": "#0"},
				"west": {"uv": [1, 6.5, 1.5, 7], "texture": "#0"},
				"up": {"uv": [1.5, 6.5, 3.5, 7], "texture": "#0"},
				"down": {"uv": [1.5, 6.5, 3.5, 7], "texture": "#0"}
			}
		}
	],
	"gui_light": "front",
	"display": {
		"thirdperson_righthand": {
			"rotation": [6, 90, 0],
			"translation": [0.5, 4.5, 2.25],
			"scale": [1, 1.03, 1]
		},
		"firstperson_righthand": {
			"rotation": [89, 90, -70],
			"translation": [2.5, 5.25, -1.75],
			"scale": [0.95, 1.04, 0.95]
		},
		"gui": {
			"rotation": [0, 0, -45]
		}
	}
}