{
	"credit": "Made by EPRB",
	"texture_size": [32, 32],
	"textures": {
		"0": "movements:item/cicard",
		"particle": "movements:item/cicard"
	},
	"elements": [
		{
			"from": [7.75, 0.5, 0],
			"to": [8.25, 9, 16],
			"rotation": {"angle": 0, "axis": "y", "origin": [0.25, 0, 0]},
			"faces": {
				"north": {"uv": [0, 0.25, 0.25, 4.5], "texture": "#0"},
				"east": {"uv": [0, 8.25, 8, 12.5], "texture": "#0"},
				"south": {"uv": [7.75, 0.25, 8, 4.5], "texture": "#0"},
				"west": {"uv": [0, 0.25, 8, 4.5], "texture": "#0"},
				"up": {"uv": [0, 0, 8, 0.25], "rotation": 90, "texture": "#0"},
				"down": {"uv": [0, 0, 8, 0.25], "rotation": 90, "texture": "#0"}
			}
		},
		{
			"from": [7.75, 9, 0.5],
			"to": [8.25, 9.5, 15.5],
			"rotation": {"angle": 0, "axis": "y", "origin": [0.25, 0, 0]},
			"faces": {
				"north": {"uv": [0, 0.25, 0.25, 0.5], "texture": "#0"},
				"east": {"uv": [7.75, 8, 0.25, 8.25], "texture": "#0"},
				"south": {"uv": [7.75, 0.25, 8, 0.5], "texture": "#0"},
				"west": {"uv": [0.25, 0, 7.75, 0.25], "texture": "#0"},
				"up": {"uv": [0.25, 0, 7.75, 0.25], "rotation": 90, "texture": "#0"},
				"down": {"uv": [0.25, 0, 7.75, 0.25], "rotation": 90, "texture": "#0"}
			}
		},
		{
			"from": [7.75, 0, 0.5],
			"to": [8.25, 0.5, 15.5],
			"rotation": {"angle": 0, "axis": "y", "origin": [0.25, 0, 0]},
			"faces": {
				"north": {"uv": [0, 0.25, 0.25, 0.5], "texture": "#0"},
				"east": {"uv": [7.75, 8, 0.25, 8.25], "texture": "#0"},
				"south": {"uv": [7.75, 0.25, 8, 0.5], "texture": "#0"},
				"west": {"uv": [0.25, 0, 7.75, 0.25], "texture": "#0"},
				"up": {"uv": [0.25, 0, 7.75, 0.25], "rotation": 90, "texture": "#0"},
				"down": {"uv": [0.25, 0, 7.75, 0.25], "rotation": 90, "texture": "#0"}
			}
		},
		{
			"from": [7.755, 0.35, -0.35],
			"to": [8.245, 0.725, 0.35],
			"rotation": {"angle": 45, "axis": "x", "origin": [7.25, 0, 0]},
			"faces": {
				"north": {"uv": [0, 4.5, 0.245, 4.6875], "texture": "#0"},
				"east": {"uv": [0, 4.5, 0.35, 4.6875], "texture": "#0"},
				"south": {"uv": [0, 4.5, 0.245, 4.6875], "texture": "#0"},
				"west": {"uv": [0, 4.5, 0.35, 4.6875], "texture": "#0"},
				"up": {"uv": [0, 4.25, 0.245, 4.6], "texture": "#0"},
				"down": {"uv": [0, 4.25, 0.245, 4.6], "texture": "#0"}
			}
		},
		{
			"from": [7.755, 11.75, 0.475],
			"to": [8.245, 12.125, 1.175],
			"rotation": {"angle": -45, "axis": "x", "origin": [7.25, 10, 4]},
			"faces": {
				"north": {"uv": [0, 4.5, 0.245, 4.6875], "texture": "#0"},
				"east": {"uv": [0, 4.5, 0.35, 4.6875], "texture": "#0"},
				"south": {"uv": [0, 4.5, 0.245, 4.6875], "texture": "#0"},
				"west": {"uv": [0, 4.5, 0.35, 4.6875], "texture": "#0"},
				"up": {"uv": [0, 4.25, 0.245, 4.6], "texture": "#0"},
				"down": {"uv": [0, 4.25, 0.245, 4.6], "texture": "#0"}
			}
		},
		{
			"from": [7.755, -5.2, 5.06],
			"to": [8.245, -4.825, 5.76],
			"rotation": {"angle": -45, "axis": "x", "origin": [7.25, 10, 4]},
			"faces": {
				"north": {"uv": [0, 4.5, 0.245, 4.6875], "texture": "#0"},
				"east": {"uv": [0, 4.5, 0.35, 4.6875], "texture": "#0"},
				"south": {"uv": [0, 4.5, 0.245, 4.6875], "texture": "#0"},
				"west": {"uv": [0, 4.5, 0.35, 4.6875], "texture": "#0"},
				"up": {"uv": [0, 4.25, 0.245, 4.6], "texture": "#0"},
				"down": {"uv": [0, 4.25, 0.245, 4.6], "texture": "#0"}
			}
		},
		{
			"from": [7.755, 9.35, 15],
			"to": [8.245, 9.706, 15.71],
			"rotation": {"angle": 45, "axis": "x", "origin": [7.25, 9, 15]},
			"faces": {
				"north": {"uv": [0, 4.5, 0.245, 4.6875], "texture": "#0"},
				"east": {"uv": [0, 4.5, 0.35, 4.6875], "texture": "#0"},
				"south": {"uv": [0, 4.5, 0.245, 4.6875], "texture": "#0"},
				"west": {"uv": [0, 4.5, 0.35, 4.6875], "texture": "#0"},
				"up": {"uv": [0, 4.25, 0.245, 4.6], "texture": "#0"},
				"down": {"uv": [0, 4.25, 0.245, 4.6], "texture": "#0"}
			}
		}
	],
	"gui_light": "front",
	"display": {
		"thirdperson_righthand": {
			"rotation": [80, 0, 0],
			"translation": [0.5, 0, 1],
			"scale": [0.5, 0.5, 0.5]
		},
		"thirdperson_lefthand": {
			"rotation": [80, 0, 0],
			"translation": [0.5, 0, 1],
			"scale": [0.5, 0.5, 0.5]
		},
		"firstperson_righthand": {
			"rotation": [15, -1, 0],
			"translation": [3.75, 2.75, 0]
		},
		"firstperson_lefthand": {
			"rotation": [15, -1, 0],
			"translation": [3.75, 2.75, 0],
			"scale": [-1, 1, -1]
		},
		"ground": {
			"rotation": [30, 0, 0],
			"translation": [0, 2.75, 0.5],
			"scale": [0.45, 0.45, 0.45]
		},
		"gui": {
			"rotation": [25, 45, 0],
			"translation": [0, 3.25, 0],
			"scale": [1.15, 1.15, 1.15]
		}
	}
}