{
	"credit": "Made by EPRB",
	"textures": {
		"1": "block/smithing_table_side",
		"particle": "block/anvil"
	},
	"elements": [
		{
			"from": [7.5, -1.75, 7.6],
			"to": [8.5, 4.25, 8.6],
			"rotation": {"angle": -22.5, "axis": "x", "origin": [8, 3.75, 7.5]},
			"faces": {
				"north": {"uv": [0, 14, 1, 8], "rotation": 180, "texture": "#1"},
				"east": {"uv": [0, 14, 1, 8], "texture": "#1"},
				"south": {"uv": [0, 8, 1, 14], "texture": "#1"},
				"west": {"uv": [1, 14, 0, 8], "rotation": 180, "texture": "#1"},
				"up": {"uv": [0, 9, 1, 8], "rotation": 270, "texture": "#1"},
				"down": {"uv": [7, 4, 8, 3], "rotation": 90, "texture": "#1"}
			}
		},
		{
			"from": [7.5, -2.75, 8.75],
			"to": [8.5, 3.25, 9.75],
			"rotation": {"angle": -22.5, "axis": "x", "origin": [8, 3.75, 7.5]},
			"faces": {
				"north": {"uv": [0, 14, 1, 8], "rotation": 180, "texture": "#1"},
				"east": {"uv": [0, 14, 1, 8], "texture": "#1"},
				"south": {"uv": [0, 8, 1, 14], "texture": "#1"},
				"west": {"uv": [1, 14, 0, 8], "rotation": 180, "texture": "#1"},
				"up": {"uv": [0, 9, 1, 8], "rotation": 270, "texture": "#1"},
				"down": {"uv": [11, 4, 12, 3], "rotation": 90, "texture": "#1"}
			}
		},
		{
			"from": [8, -2.75, 9.75],
			"to": [8, -1.75, 10.75],
			"rotation": {"angle": -22.5, "axis": "x", "origin": [8, 3.75, 7.5]},
			"faces": {
				"north": {"uv": [4, 6, 4, 7], "rotation": 180, "texture": "#1"},
				"east": {"uv": [4, 6, 5, 7], "rotation": 270, "texture": "#1"},
				"south": {"uv": [4, 6, 4, 7], "texture": "#1"},
				"west": {"uv": [4, 6, 5, 7], "rotation": 90, "texture": "#1"},
				"up": {"uv": [4, 6, 4, 7], "rotation": 180, "texture": "#1"},
				"down": {"uv": [4, 6, 4, 7], "texture": "#1"}
			}
		},
		{
			"from": [8, -1.25, 8.1],
			"to": [8, -0.25, 9.1],
			"rotation": {"angle": -22.5, "axis": "x", "origin": [8, 3.75, 7.5]},
			"faces": {
				"north": {"uv": [0, 6.5, 0, 7.5], "rotation": 180, "texture": "#1"},
				"east": {"uv": [0, 6.5, 1, 7.5], "rotation": 270, "texture": "#1"},
				"south": {"uv": [0, 6.5, 0, 7.5], "texture": "#1"},
				"west": {"uv": [0, 6.5, 1, 7.5], "rotation": 90, "texture": "#1"},
				"up": {"uv": [0, 6.5, 0, 7.5], "rotation": 180, "texture": "#1"},
				"down": {"uv": [0, 6.5, 0, 7.5], "texture": "#1"}
			}
		},
		{
			"from": [7.375, 3.25, 7.5],
			"to": [8.625, 3.75, 10],
			"rotation": {"angle": -22.5, "axis": "x", "origin": [8, 3.75, 7.5]},
			"faces": {
				"north": {"uv": [0, 2, 1.25, 2.5], "rotation": 180, "texture": "#1"},
				"east": {"uv": [0, 0, 0.5, 2.5], "rotation": 270, "texture": "#1"},
				"south": {"uv": [0, 0, 1.25, 0.5], "texture": "#1"},
				"west": {"uv": [0, 0, 1, 2.5], "rotation": 90, "texture": "#1"},
				"up": {"uv": [0, 0, 1.25, 2.5], "rotation": 180, "texture": "#1"},
				"down": {"uv": [0, 0, 1.25, 2.5], "texture": "#1"}
			}
		},
		{
			"from": [7.5, 3.76, 8.75],
			"to": [8.5, 5.76, 9.75],
			"rotation": {"angle": -22.5, "axis": "x", "origin": [8, 3.75, 7.5]},
			"faces": {
				"north": {"uv": [8, 3, 9, 4], "rotation": 90, "texture": "#1"},
				"east": {"uv": [8, 3, 9, 4], "rotation": 90, "texture": "#1"},
				"south": {"uv": [8, 3, 9, 4], "rotation": 90, "texture": "#1"},
				"west": {"uv": [8, 3, 9, 4], "rotation": 90, "texture": "#1"},
				"up": {"uv": [8, 3, 9, 4], "rotation": 90, "texture": "#1"},
				"down": {"uv": [8, 3, 9, 4], "rotation": 90, "texture": "#1"}
			}
		},
		{
			"from": [7.5, 3.76, 7.6],
			"to": [8.5, 5.76, 8.6],
			"rotation": {"angle": -22.5, "axis": "x", "origin": [8, 3.75, 7.5]},
			"faces": {
				"north": {"uv": [5, 10, 6, 11], "rotation": 90, "texture": "#1"},
				"east": {"uv": [5, 10, 6, 11], "rotation": 90, "texture": "#1"},
				"south": {"uv": [5, 10, 6, 11], "rotation": 90, "texture": "#1"},
				"west": {"uv": [5, 10, 6, 11], "rotation": 90, "texture": "#1"},
				"up": {"uv": [5, 10, 6, 11], "rotation": 90, "texture": "#1"},
				"down": {"uv": [5, 10, 6, 11], "rotation": 90, "texture": "#1"}
			}
		},
		{
			"from": [7.75, 3.77, 7.85],
			"to": [8.25, 5.77, 8.35],
			"rotation": {"angle": -22.5, "axis": "x", "origin": [8, 3.75, 7.5]},
			"faces": {
				"north": {"uv": [5, 10, 6, 11], "rotation": 90, "texture": "#1"},
				"east": {"uv": [5, 10, 6, 11], "rotation": 90, "texture": "#1"},
				"south": {"uv": [5, 10, 6, 11], "rotation": 90, "texture": "#1"},
				"west": {"uv": [5, 10, 6, 11], "rotation": 90, "texture": "#1"},
				"up": {"uv": [7, 11, 8, 12], "rotation": 90, "texture": "#1"},
				"down": {"uv": [5, 10, 6, 11], "rotation": 90, "texture": "#1"}
			}
		},
		{
			"from": [7.125, 3.75, 7.5],
			"to": [8.875, 5.75, 10],
			"rotation": {"angle": -22.5, "axis": "x", "origin": [8, 3.75, 7.5]},
			"faces": {
				"north": {"uv": [9, 0, 10.75, 2], "rotation": 180, "texture": "#1"},
				"east": {"uv": [11, 0, 9, 2.5], "rotation": 270, "texture": "#1"},
				"south": {"uv": [9, 0, 11, 1], "rotation": 90, "texture": "#1"},
				"west": {"uv": [9, 0, 11, 2.5], "rotation": 90, "texture": "#1"},
				"up": {"uv": [9, 0, 10.75, 2.5], "rotation": 180, "texture": "#1"},
				"down": {"uv": [9, 0, 10.75, 2.5], "texture": "#1"}
			}
		},
		{
			"from": [8, 3.25, 6.8],
			"to": [8, 4.25, 7.8],
			"rotation": {"angle": 45, "axis": "x", "origin": [8, 3.75, 7.3]},
			"faces": {
				"north": {"uv": [5, 8, 5, 9], "texture": "#1"},
				"east": {"uv": [5, 8, 6, 9], "texture": "#1"},
				"south": {"uv": [5, 8, 5, 9], "texture": "#1"},
				"west": {"uv": [5, 8, 6, 9], "texture": "#1"},
				"up": {"uv": [5, 8, 5, 9], "texture": "#1"},
				"down": {"uv": [5, 8, 5, 9], "texture": "#1"}
			}
		},
		{
			"from": [7.499, 0.1, 2.25],
			"to": [8.519, 3.1, 4.25],
			"rotation": {"angle": 22.5, "axis": "x", "origin": [7, 0, 4]},
			"faces": {
				"north": {"uv": [9, 11, 12, 12], "rotation": 90, "texture": "#1"},
				"east": {"uv": [9, 11, 12, 13], "rotation": 90, "texture": "#1"},
				"south": {"uv": [9, 8, 12, 9.02], "rotation": 90, "texture": "#1"},
				"west": {"uv": [11, 6, 8, 8], "rotation": 90, "texture": "#1"},
				"up": {"uv": [9, 8, 10.02, 10], "texture": "#1"},
				"down": {"uv": [9, 8, 10.02, 10], "texture": "#1"}
			}
		},
		{
			"from": [7.25, 3.75, 4.5],
			"to": [8.75, 6.25, 5.5],
			"rotation": {"angle": 0, "axis": "x", "origin": [7, 0.75, 4]},
			"faces": {
				"north": {"uv": [5, 0, 6.5, 2.5], "texture": "#1"},
				"east": {"uv": [5, 0, 6, 2.5], "texture": "#1"},
				"south": {"uv": [5, 0, 6.5, 2.5], "texture": "#1"},
				"west": {"uv": [5, 0, 6, 2.5], "texture": "#1"},
				"up": {"uv": [5, 0, 6.5, 1], "texture": "#1"},
				"down": {"uv": [5, 0, 6.5, 1], "texture": "#1"}
			}
		},
		{
			"from": [7.225, 4.25, 4.5],
			"to": [8.775, 5.25, 5.49],
			"rotation": {"angle": 0, "axis": "x", "origin": [7, 0.75, 4]},
			"faces": {
				"north": {"uv": [7, 1, 7.5, 2], "texture": "#1"},
				"east": {"uv": [7, 1, 8, 2], "texture": "#1"},
				"south": {"uv": [7, 1, 7.5, 2], "texture": "#1"},
				"west": {"uv": [7, 1, 8, 2], "texture": "#1"},
				"up": {"uv": [7, 1, 7.5, 2], "texture": "#1"},
				"down": {"uv": [7, 1, 7.5, 2], "texture": "#1"}
			}
		},
		{
			"from": [7.25, 3.25, 4.5],
			"to": [8.75, 3.75, 6.5],
			"rotation": {"angle": 0, "axis": "x", "origin": [7, 0.75, 4]},
			"faces": {
				"north": {"uv": [5, 1, 6.5, 1.5], "texture": "#1"},
				"east": {"uv": [6, 1, 7, 1.5], "texture": "#1"},
				"south": {"uv": [5, 1, 6.5, 1.5], "texture": "#1"},
				"west": {"uv": [6, 1, 7, 1.5], "texture": "#1"},
				"up": {"uv": [5, 1, 6.5, 3], "texture": "#1"},
				"down": {"uv": [5, 1, 6.5, 3], "texture": "#1"}
			}
		},
		{
			"from": [7.25, 3.75, 3.5],
			"to": [8.75, 5.25, 4.5],
			"rotation": {"angle": 0, "axis": "x", "origin": [7, 0.75, 4]},
			"faces": {
				"north": {"uv": [5, 0, 6.5, 1.5], "texture": "#1"},
				"east": {"uv": [5, 0, 6, 1.5], "texture": "#1"},
				"south": {"uv": [5, 0, 6.5, 1.5], "texture": "#1"},
				"west": {"uv": [5, 0, 6, 1.5], "texture": "#1"},
				"up": {"uv": [5, 0, 6.5, 1], "texture": "#1"},
				"down": {"uv": [5, 0, 6.5, 1], "texture": "#1"}
			}
		},
		{
			"from": [7.251, 4.25, 3.5],
			"to": [8.731, 5.25, 4.9],
			"rotation": {"angle": -45, "axis": "x", "origin": [8, 5.25, 3.5]},
			"faces": {
				"north": {"uv": [5, 0, 6, 1], "texture": "#1"},
				"east": {"uv": [5, 0, 6, 1], "texture": "#1"},
				"south": {"uv": [5, 0, 6, 1], "texture": "#1"},
				"west": {"uv": [5, 0, 6, 1], "texture": "#1"},
				"up": {"uv": [5, 0, 6, 1], "texture": "#1"},
				"down": {"uv": [5, 0, 6, 1], "texture": "#1"}
			}
		},
		{
			"from": [7.5, 2.75, 5.5],
			"to": [8.5, 3.74, 7.5],
			"rotation": {"angle": 0, "axis": "x", "origin": [7, 0.75, 4]},
			"faces": {
				"north": {"uv": [9, 6, 10, 7], "texture": "#1"},
				"east": {"uv": [9, 7, 8, 5], "rotation": 90, "texture": "#1"},
				"south": {"uv": [9, 5, 10, 6], "texture": "#1"},
				"west": {"uv": [9, 5, 10, 7], "rotation": 90, "texture": "#1"},
				"up": {"uv": [9, 5, 10, 7], "texture": "#1"},
				"down": {"uv": [9, 5, 10, 7], "texture": "#1"}
			}
		},
		{
			"from": [7.5, 2.75, 3.5],
			"to": [8.5, 3.75, 5.5],
			"rotation": {"angle": 0, "axis": "x", "origin": [7, 0.75, 4]},
			"faces": {
				"north": {"uv": [8, 6, 9, 5], "texture": "#1"},
				"east": {"uv": [9, 5, 8, 7], "rotation": 90, "texture": "#1"},
				"south": {"uv": [9, 6, 10, 5], "texture": "#1"},
				"west": {"uv": [9, 7, 10, 5], "rotation": 90, "texture": "#1"},
				"up": {"uv": [9, 7, 10, 5], "texture": "#1"},
				"down": {"uv": [9, 7, 10, 5], "texture": "#1"}
			}
		},
		{
			"from": [8, 3.575, 7.025],
			"to": [8, 4.575, 8.025],
			"rotation": {"angle": -45, "axis": "x", "origin": [8, 0.5, 3.25]},
			"faces": {
				"north": {"uv": [0, 0, 0, 1], "texture": "#1"},
				"east": {"uv": [0, 0, 1, 1], "texture": "#1"},
				"south": {"uv": [0, 0, 0, 1], "texture": "#1"},
				"west": {"uv": [0, 0, 1, 1], "texture": "#1"},
				"up": {"uv": [0, 0, 0, 1], "texture": "#1"},
				"down": {"uv": [0, 0, 0, 1], "texture": "#1"}
			}
		},
		{
			"from": [8, 1.05, 6.65],
			"to": [8, 2.05, 7.65],
			"rotation": {"angle": -22.5, "axis": "x", "origin": [8, 0, 4]},
			"faces": {
				"north": {"uv": [5, 6, 5, 7], "texture": "#1"},
				"east": {"uv": [5, 6, 6, 7], "texture": "#1"},
				"south": {"uv": [5, 6, 5, 7], "texture": "#1"},
				"west": {"uv": [5, 6, 6, 7], "texture": "#1"},
				"up": {"uv": [5, 6, 5, 7], "texture": "#1"},
				"down": {"uv": [5, 6, 5, 7], "texture": "#1"}
			}
		}
	],
	"gui_light": "front",
	"display": {
		"thirdperson_righthand": {
			"rotation": [0, 180, 0],
			"translation": [0, 5.25, -1.75]
		},
		"thirdperson_lefthand": {
			"rotation": [0, 180, 0],
			"translation": [0, 5.25, -1.75]
		},
		"firstperson_righthand": {
			"rotation": [21, 172, 1],
			"translation": [-1, 7.75, 2]
		},
		"firstperson_lefthand": {
			"rotation": [2, 180, 0],
			"translation": [0.5, 7.75, 0.25]
		},
		"ground": {
			"rotation": [0, 0, 90],
			"translation": [-3.75, 3, 0]
		},
		"gui": {
			"rotation": [90, -57, 90],
			"translation": [-2.75, 4.25, 0],
			"scale": [1.26, 1.26, -1.26]
		},
		"fixed": {
			"rotation": [0, -90, 0],
			"translation": [0, 5.75, 0],
			"scale": [1.31, 1.31, 1.31]
		}
	},
	"groups": [
		{
			"name": "part1",
			"origin": [8, 8, 8],
			"color": 0,
			"children": [0, 1, 2, 3, 4, 5, 6, 7, 8]
		},
		{
			"name": "part2",
			"origin": [8, 8, 8],
			"color": 0,
			"children": [9, 10, 11, 12, 13, 14, 15, 16, 17, 18, 19]
		}
	]
}