{
	"credit": "Made by EPRB",
	"texture_size": [32, 32],
	"textures": {
		"1": "block/smithing_table_side",
		"2": "movements:item/iron_block",
		"particle": "block/anvil"
	},
	"elements": [
		{
			"from": [7.5, 5.5, 8.5],
			"to": [8.5, 6.5, 14.5],
			"rotation": {"angle": 0, "axis": "x", "origin": [8, 5.5, 8]},
			"faces": {
				"north": {"uv": [10, 5.5, 10.5, 5], "texture": "#2"},
				"east": {"uv": [10, 5.5, 13, 5], "texture": "#2"},
				"south": {"uv": [15.5, 16, 16, 15.5], "rotation": 90, "texture": "#2"},
				"west": {"uv": [13, 5.5, 10, 5], "texture": "#2"},
				"up": {"uv": [13, 5, 10, 5.5], "rotation": 90, "texture": "#2"},
				"down": {"uv": [13, 5, 10, 5.5], "rotation": 90, "texture": "#2"}
			}
		},
		{
			"from": [8, 6, 13.5],
			"to": [8, 7, 14.5],
			"rotation": {"angle": 0, "axis": "x", "origin": [8, 3.75, 7.5]},
			"faces": {
				"north": {"uv": [4, 6, 4, 7], "texture": "#2"},
				"east": {"uv": [4, 6, 5, 7], "texture": "#2"},
				"south": {"uv": [4, 6, 4, 7], "texture": "#2"},
				"west": {"uv": [4, 6, 5, 7], "texture": "#2"},
				"up": {"uv": [4, 6, 4, 7], "texture": "#2"},
				"down": {"uv": [4, 6, 4, 7], "texture": "#2"}
			}
		},
		{
			"from": [8, 4.6, 8],
			"to": [8, 5.6, 14],
			"rotation": {"angle": 0, "axis": "x", "origin": [8, 3.75, 7.5]},
			"faces": {
				"north": {"uv": [10.5, 5, 10.5, 5.5], "texture": "#2"},
				"east": {"uv": [13.5, 5, 10.5, 5.5], "texture": "#2"},
				"south": {"uv": [10.5, 5, 10.5, 5.5], "texture": "#2"},
				"west": {"uv": [10.5, 5, 13.5, 5.5], "texture": "#2"},
				"up": {"uv": [10.5, 5, 10.5, 8], "texture": "#2"},
				"down": {"uv": [10.5, 5, 10.5, 8], "texture": "#2"}
			}
		},
		{
			"from": [8, 6.35, 13.5],
			"to": [8, 7.35, 14.5],
			"rotation": {"angle": 0, "axis": "x", "origin": [8, 3.75, 7.5]},
			"faces": {
				"north": {"uv": [11.125, 7.75, 11.125, 7.25], "texture": "#2"},
				"east": {"uv": [11.625, 7.75, 11.125, 7.25], "texture": "#2"},
				"south": {"uv": [11.125, 7.75, 11.125, 7.25], "texture": "#2"},
				"west": {"uv": [11.125, 7.75, 11.625, 7.25], "texture": "#2"},
				"up": {"uv": [11.125, 7.75, 11.125, 7.25], "texture": "#2"},
				"down": {"uv": [11.125, 7.75, 11.125, 7.25], "texture": "#2"}
			}
		},
		{
			"from": [7.5, -0.25, 1.475],
			"to": [8.5, 2.75, 3.475],
			"rotation": {"angle": 22.5, "axis": "x", "origin": [7, 0, 4]},
			"faces": {
				"north": {"uv": [4, 3, 7, 4], "rotation": 90, "texture": "#1"},
				"east": {"uv": [11, 3, 14, 1], "rotation": 90, "texture": "#1"},
				"south": {"uv": [5, 2, 8, 3], "rotation": 90, "texture": "#1"},
				"west": {"uv": [14, 1, 11, 3], "rotation": 90, "texture": "#1"},
				"up": {"uv": [11, 1, 12, 3], "texture": "#1"},
				"down": {"uv": [11, 1, 12, 3], "texture": "#1"}
			}
		},
		{
			"from": [7.5, 4.75, 4.5],
			"to": [8.5, 6.75, 8.5],
			"rotation": {"angle": 0, "axis": "x", "origin": [7, 1.25, 4]},
			"faces": {
				"north": {"uv": [13.5, 6, 14, 7], "texture": "#2"},
				"east": {"uv": [13.5, 6, 15.5, 7], "texture": "#2"},
				"south": {"uv": [13.5, 6, 14, 7], "texture": "#2"},
				"west": {"uv": [13.5, 6, 15.5, 7], "texture": "#2"},
				"up": {"uv": [13.5, 6, 15.5, 6.5], "rotation": 90, "texture": "#2"},
				"down": {"uv": [13.5, 6, 15.5, 6.5], "rotation": 90, "texture": "#2"}
			}
		},
		{
			"from": [7.375, 5.5, 4.49],
			"to": [8.625, 6.5, 7.51],
			"rotation": {"angle": 0, "axis": "x", "origin": [7, 1.25, 4]},
			"faces": {
				"north": {"uv": [2.5, 13, 3.125, 13.5], "texture": "#2"},
				"east": {"uv": [2.5, 13, 4.01, 13.5], "texture": "#2"},
				"south": {"uv": [2.5, 13, 3.125, 13.5], "texture": "#2"},
				"west": {"uv": [2.5, 13, 4.01, 13.5], "texture": "#2"},
				"up": {"uv": [2.5, 13, 4.01, 13.625], "rotation": 90, "texture": "#2"},
				"down": {"uv": [2.5, 13, 4.01, 13.625], "rotation": 90, "texture": "#2"}
			}
		},
		{
			"from": [7.125, 4.25, 4.49],
			"to": [8.875, 5.25, 7.51],
			"rotation": {"angle": 0, "axis": "x", "origin": [7, 1.25, 4]},
			"faces": {
				"north": {"uv": [5, 12.5, 5.875, 13], "texture": "#2"},
				"east": {"uv": [5, 12.5, 6.51, 13], "texture": "#2"},
				"south": {"uv": [5, 12.5, 5.875, 13], "texture": "#2"},
				"west": {"uv": [5, 12.5, 6.51, 13], "texture": "#2"},
				"up": {"uv": [5, 12.5, 6.51, 13.375], "rotation": 90, "texture": "#2"},
				"down": {"uv": [5, 12.5, 6.51, 13.375], "rotation": 90, "texture": "#2"}
			}
		},
		{
			"from": [7, 4.75, 4.5],
			"to": [9, 5.75, 7.5],
			"rotation": {"angle": 0, "axis": "x", "origin": [7, 1.25, 4]},
			"faces": {
				"north": {"uv": [3.5, 13.5, 4.5, 14], "texture": "#2"},
				"east": {"uv": [3.5, 13.5, 5, 14], "texture": "#2"},
				"south": {"uv": [3.5, 13.5, 4.5, 14], "texture": "#2"},
				"west": {"uv": [3.5, 13.5, 5, 14], "texture": "#2"},
				"up": {"uv": [3.5, 13.5, 5, 14.5], "rotation": 90, "texture": "#2"},
				"down": {"uv": [3.5, 13.5, 5, 14.5], "rotation": 90, "texture": "#2"}
			}
		},
		{
			"from": [7.5, 3.75, 4.5],
			"to": [8.5, 4.75, 8.5],
			"rotation": {"angle": 0, "axis": "x", "origin": [7, 1.25, 4]},
			"faces": {
				"north": {"uv": [8.5, 5, 9, 5.5], "texture": "#2"},
				"east": {"uv": [8.5, 5, 10.5, 5.5], "texture": "#2"},
				"south": {"uv": [8.5, 5, 9, 5.5], "texture": "#2"},
				"west": {"uv": [8.5, 5, 10.5, 5.5], "texture": "#2"},
				"up": {"uv": [8.5, 5, 9, 7], "texture": "#2"},
				"down": {"uv": [8.5, 5, 9, 7], "texture": "#2"}
			}
		},
		{
			"from": [7.25, 3.75, 3.5],
			"to": [8.75, 5.75, 4.5],
			"rotation": {"angle": 0, "axis": "x", "origin": [7, 1.25, 4]},
			"faces": {
				"north": {"uv": [8.5, 5, 9.25, 6], "texture": "#2"},
				"east": {"uv": [8.5, 5, 9, 6], "texture": "#2"},
				"south": {"uv": [8.5, 5, 9.25, 6], "texture": "#2"},
				"west": {"uv": [8.5, 5, 9, 6], "texture": "#2"},
				"up": {"uv": [8.5, 5, 9.25, 5.5], "texture": "#2"},
				"down": {"uv": [8.5, 5, 9.25, 5.5], "texture": "#2"}
			}
		},
		{
			"from": [7.501, 4.75, 3.5],
			"to": [8.481, 5.75, 4.9],
			"rotation": {"angle": -45, "axis": "x", "origin": [8, 5.75, 3.5]},
			"faces": {
				"north": {"uv": [14, 5.5, 14.5, 6], "texture": "#2"},
				"east": {"uv": [14, 5.5, 14.5, 6], "texture": "#2"},
				"south": {"uv": [14, 5.5, 14.5, 6], "texture": "#2"},
				"west": {"uv": [14, 5.5, 14.5, 6], "texture": "#2"},
				"up": {"uv": [14, 5.5, 14.5, 6], "texture": "#2"},
				"down": {"uv": [14, 5.5, 14.5, 6], "texture": "#2"}
			}
		},
		{
			"from": [7.5, 2.75, 6.5],
			"to": [8.5, 3.75, 7],
			"rotation": {"angle": 0, "axis": "x", "origin": [7, 0.75, 3.5]},
			"faces": {
				"north": {"uv": [12.5, 6.5, 13, 7], "texture": "#2"},
				"east": {"uv": [12, 5.75, 11.5, 5.5], "rotation": 90, "texture": "#2"},
				"south": {"uv": [12.5, 5.5, 13, 6], "texture": "#2"},
				"west": {"uv": [12.5, 5.5, 13, 5.75], "rotation": 90, "texture": "#2"},
				"up": {"uv": [12.5, 5.5, 13, 5.75], "texture": "#2"},
				"down": {"uv": [12.5, 5.5, 13, 5.75], "texture": "#2"}
			}
		},
		{
			"from": [7.51, 2.25, 4.25],
			"to": [8.49, 2.75, 6.5],
			"rotation": {"angle": 0, "axis": "x", "origin": [7, 0.75, 4]},
			"faces": {
				"north": {"uv": [12.5, 6.5, 12.99, 6.75], "texture": "#2"},
				"east": {"uv": [11.75, 6.625, 11.5, 5.5], "rotation": 90, "texture": "#2"},
				"south": {"uv": [12.5, 5.5, 12.99, 5.75], "texture": "#2"},
				"west": {"uv": [12.5, 5.5, 12.75, 6.625], "rotation": 90, "texture": "#2"},
				"up": {"uv": [12.5, 5.5, 12.99, 6.625], "texture": "#2"},
				"down": {"uv": [12.5, 5.5, 12.99, 6.625], "texture": "#2"}
			}
		},
		{
			"from": [7.49, 2.25, 6.5],
			"to": [8.51, 2.75, 7.2],
			"rotation": {"angle": -45, "axis": "x", "origin": [7.5, 2.25, 6.5]},
			"faces": {
				"north": {"uv": [12.5, 6.5, 13.01, 6.75], "texture": "#2"},
				"east": {"uv": [11.75, 5.85, 11.5, 5.5], "rotation": 90, "texture": "#2"},
				"south": {"uv": [12.5, 5.5, 13.01, 5.75], "texture": "#2"},
				"west": {"uv": [12.5, 5.5, 12.75, 5.85], "rotation": 90, "texture": "#2"},
				"up": {"uv": [12.5, 5.5, 13.01, 5.85], "texture": "#2"},
				"down": {"uv": [12.5, 5.5, 13.01, 5.85], "texture": "#2"}
			}
		},
		{
			"from": [7.49, 2.75, 2.5],
			"to": [8.51, 3.75, 4.5],
			"rotation": {"angle": 0, "axis": "x", "origin": [7, 0.75, 4]},
			"faces": {
				"north": {"uv": [7, 1, 8, 2], "texture": "#1"},
				"east": {"uv": [7, 2, 6, 0], "rotation": 90, "texture": "#1"},
				"south": {"uv": [5, 0, 6.02, 1], "texture": "#1"},
				"west": {"uv": [6, 0, 7, 2], "rotation": 90, "texture": "#1"},
				"up": {"uv": [7.02, 2, 6.02, 0], "texture": "#1"},
				"down": {"uv": [5, 0, 6.02, 2], "texture": "#1"}
			}
		},
		{
			"from": [7.51, 3.75, 2.5],
			"to": [8.49, 5.75, 3.5],
			"rotation": {"angle": 45, "axis": "x", "origin": [7, 3.75, 2.5]},
			"faces": {
				"north": {"uv": [5.99, 1, 5, 3], "texture": "#1"},
				"east": {"uv": [5, 2, 7, 1], "rotation": 90, "texture": "#1"},
				"south": {"uv": [6.99, 1, 6, 3], "texture": "#1"},
				"west": {"uv": [7, 1, 5, 2], "rotation": 90, "texture": "#1"},
				"up": {"uv": [6.99, 1, 6, 2], "texture": "#1"},
				"down": {"uv": [5.99, 1, 5, 2], "texture": "#1"}
			}
		},
		{
			"from": [8, 4.075, 7.025],
			"to": [8, 5.075, 8.025],
			"rotation": {"angle": -45, "axis": "x", "origin": [8, 1, 3.25]},
			"faces": {
				"north": {"uv": [13, 5, 13, 6], "texture": "#2"},
				"east": {"uv": [13, 5, 14, 6], "texture": "#2"},
				"south": {"uv": [13, 5, 13, 6], "texture": "#2"},
				"west": {"uv": [13, 5, 14, 6], "texture": "#2"},
				"up": {"uv": [13, 5, 13, 6], "texture": "#2"},
				"down": {"uv": [13, 5, 13, 6], "texture": "#2"}
			}
		},
		{
			"from": [8.25, 6.1, 4.525],
			"to": [8.25, 7.1, 5.525],
			"rotation": {"angle": 0, "axis": "x", "origin": [8, 1, 3.25]},
			"faces": {
				"north": {"uv": [11, 5, 11, 5.5], "texture": "#2"},
				"east": {"uv": [11, 5, 11.5, 5.5], "texture": "#2"},
				"south": {"uv": [11, 5, 11, 5.5], "texture": "#2"},
				"west": {"uv": [11, 5, 11.5, 5.5], "texture": "#2"},
				"up": {"uv": [11, 5, 11, 5.5], "texture": "#2"},
				"down": {"uv": [11, 5, 11, 5.5], "texture": "#2"}
			}
		},
		{
			"from": [7.75, 6.1, 4.525],
			"to": [7.75, 7.1, 5.525],
			"rotation": {"angle": 0, "axis": "x", "origin": [8, 1, 3.25]},
			"faces": {
				"north": {"uv": [11, 5, 11, 5.5], "texture": "#2"},
				"east": {"uv": [11, 5, 11.5, 5.5], "texture": "#2"},
				"south": {"uv": [11, 5, 11, 5.5], "texture": "#2"},
				"west": {"uv": [11, 5, 11.5, 5.5], "texture": "#2"},
				"up": {"uv": [11, 5, 11, 5.5], "texture": "#2"},
				"down": {"uv": [11, 5, 11, 5.5], "texture": "#2"}
			}
		},
		{
			"from": [8, 2.25, 6.2],
			"to": [8, 3.25, 7.2],
			"rotation": {"angle": -22.5, "axis": "x", "origin": [8, 0, 4]},
			"faces": {
				"north": {"uv": [12, 7.5, 12, 8], "texture": "#2"},
				"east": {"uv": [12, 7.5, 12.5, 8], "texture": "#2"},
				"south": {"uv": [12, 7.5, 12, 8], "texture": "#2"},
				"west": {"uv": [12, 7.5, 12.5, 8], "texture": "#2"},
				"up": {"uv": [12, 7.5, 12, 8], "texture": "#2"},
				"down": {"uv": [12, 7.5, 12, 8], "texture": "#2"}
			}
		}
	],
	"gui_light": "front",
	"display": {
		"thirdperson_righthand": {
			"rotation": [0, 180, 0],
			"translation": [0, 3.7, -2],
			"scale": [0.85, 0.85, 0.85]
		},
		"thirdperson_lefthand": {
			"rotation": [0, 180, 0],
			"translation": [0, 5.25, -1.75]
		},
		"firstperson_righthand": {
			"rotation": [2, 180, 0],
			"translation": [-0.5, 7.75, 0.25],
			"scale": [0.9, 0.9, 0.9]
		},
		"firstperson_lefthand": {
			"rotation": [2, 180, 0],
			"translation": [0.5, 7.75, 0.25]
		},
		"ground": {
			"rotation": [0, 0, 90],
			"translation": [-3.75, 3, 0]
		},
		"gui": {
			"rotation": [90, -57, 90],
			"translation": [-2.25, 4.25, 0],
			"scale": [1.26, 1.26, -1.26]
		},
		"fixed": {
			"rotation": [0, -90, 0],
			"translation": [0, 5.75, 0],
			"scale": [1.31, 1.31, 1.31]
		}
	},
	"groups": [
		{
			"name": "part1",
			"origin": [8, 8, 8],
			"color": 0,
			"children": [0, 1, 2, 3]
		},
		{
			"name": "part2",
			"origin": [8, 8, 8],
			"color": 0,
			"children": [4, 5, 6, 7, 8, 9, 10, 11, 12, 13, 14, 15, 16, 17, 18, 19, 20]
		}
	]
}