{
	"credit": "Made with Blockbench",
	"parent": "minecraft:item/template_skull",
	"elements": [
		{
			"from": [4, 4, 4],
			"to": [12, 12, 12],
			"color": 5,
			"faces": {
				"north": {"uv": [0, 0, 8, 8], "texture": "#missing"},
				"east": {"uv": [0, 0, 8, 8], "texture": "#missing"},
				"south": {"uv": [0, 0, 8, 8], "texture": "#missing"},
				"west": {"uv": [0, 0, 8, 8], "texture": "#missing"},
				"up": {"uv": [0, 0, 8, 8], "texture": "#missing"},
				"down": {"uv": [0, 0, 8, 8], "texture": "#missing"}
			}
		}
	],
	"gui_light": "front",
	"display": {
		"thirdperson_righthand": {
			"rotation": [35, 0, 0],
			"translation": [0, 4, 0.5],
			"scale": [0.125, 1.7, 1.7]
		},
		"thirdperson_lefthand": {
			"rotation": [35, 0, 0],
			"translation": [0, 4, 0.5],
			"scale": [0.125, 1.7, 1.7]
		},
		"firstperson_righthand": {
			"rotation": [-25, 0, 0],
			"translation": [1.13, 3.2, 1.13],
			"scale": [0.17, 1.36, 1.36]
		},
		"firstperson_lefthand": {
			"rotation": [-25, 0, 0],
			"translation": [1.13, 3.2, 1.13],
			"scale": [0.17, 1.36, 1.36]
		},
		"ground": {
			"scale": [0.125, 2, 2]
		},
		"gui": {
			"rotation": [0, 90, 0],
			"scale": [1, 2, 2]
		},
		"head": {
			"translation": [0, 11.5, 0]
		},
		"fixed": {
			"rotation": [0, 90, 0],
			"scale": [0.125, 2, 2]
		}
	}
}