{
	"credit": "Made by ERPB",
	"ambientocclusion": false,
	"texture_size": [32, 32],
	"textures": {
		"0": "movements:item/medkit",
		"particle": "movements:item/medkit"
	},
	"elements": [
		{
			"from": [3.99, 4.01, 8],
			"to": [4.99, 6.01, 8.5],
			"faces": {
				"north": {"uv": [0.5, 5.5, 1, 6.5], "texture": "#0"},
				"east": {"uv": [0.5, 5.5, 1, 6.5], "texture": "#0"},
				"south": {"uv": [0.5, 5.5, 1, 6.5], "texture": "#0"},
				"west": {"uv": [0.5, 5.5, 1, 6.5], "texture": "#0"},
				"up": {"uv": [0.5, 5.5, 1, 6], "texture": "#0"},
				"down": {"uv": [0.5, 5.5, 1, 6], "texture": "#0"}
			}
		},
		{
			"from": [3.99, 4.01, 7],
			"to": [4.99, 6.01, 7.5],
			"faces": {
				"north": {"uv": [0.5, 5.5, 1, 6.5], "texture": "#0"},
				"east": {"uv": [0.5, 5.5, 1, 6.5], "texture": "#0"},
				"south": {"uv": [0.5, 5.5, 1, 6.5], "texture": "#0"},
				"west": {"uv": [0.5, 5.5, 1, 6.5], "texture": "#0"},
				"up": {"uv": [0.5, 5.5, 1, 6], "texture": "#0"},
				"down": {"uv": [0.5, 5.5, 1, 6], "texture": "#0"}
			}
		},
		{
			"from": [4, 0, 6],
			"to": [12, 6, 9],
			"faces": {
				"north": {"uv": [2, 2, 6, 5], "texture": "#0"},
				"east": {"uv": [1.5, 2, 0, 5], "texture": "#0"},
				"south": {"uv": [0, 0, 4, 3], "texture": "#0"},
				"west": {"uv": [0, 2, 1.5, 5], "texture": "#0"},
				"up": {"uv": [0, 0, 4, 1.5], "texture": "#0"},
				"down": {"uv": [4, 1.5, 0, 0], "texture": "#0"}
			}
		},
		{
			"from": [5, 5.5, 8],
			"to": [11, 7.5, 8],
			"faces": {
				"north": {"uv": [7, 0, 4, 1], "texture": "#0"},
				"east": {"uv": [4, 0, 4, 1], "texture": "#0"},
				"south": {"uv": [4, 0, 7, 1], "texture": "#0"},
				"west": {"uv": [4, 0, 4, 1], "texture": "#0"},
				"up": {"uv": [4, 0, 10, 0], "texture": "#0"},
				"down": {"uv": [4, 0, 10, 0], "texture": "#0"}
			}
		},
		{
			"from": [4, 0, 9],
			"to": [12, 6, 10],
			"faces": {
				"north": {"uv": [0, 0, 4, 3], "texture": "#0"},
				"east": {"uv": [1.5, 2, 2, 5], "texture": "#0"},
				"south": {"uv": [2, 2, 6, 5], "texture": "#0"},
				"west": {"uv": [1.5, 2, 2, 5], "texture": "#0"},
				"up": {"uv": [0, 1.5, 4, 2], "texture": "#0"},
				"down": {"uv": [0, 1.5, 4, 2], "texture": "#0"}
			}
		},
		{
			"from": [7.5, 1.5, 10.01],
			"to": [8.5, 4.5, 10.01],
			"faces": {
				"north": {"uv": [0.5, 5, 1, 6.5], "texture": "#0"},
				"east": {"uv": [0.5, 5, 0.5, 6.5], "texture": "#0"},
				"south": {"uv": [0.5, 5, 1, 6.5], "texture": "#0"},
				"west": {"uv": [0.5, 5, 0.5, 6.5], "texture": "#0"},
				"up": {"uv": [0.5, 5, 1, 5], "texture": "#0"},
				"down": {"uv": [0.5, 5, 1, 5], "texture": "#0"}
			}
		},
		{
			"from": [6.5, 2.5, 10.005],
			"to": [9.5, 3.5, 10.005],
			"faces": {
				"north": {"uv": [0, 5.5, 1.5, 6], "texture": "#0"},
				"east": {"uv": [0, 5.5, 0, 6], "texture": "#0"},
				"south": {"uv": [0, 5.5, 1.5, 6], "texture": "#0"},
				"west": {"uv": [0, 5.5, 0, 6], "texture": "#0"},
				"up": {"uv": [0, 5.5, 1.5, 5.5], "texture": "#0"},
				"down": {"uv": [0, 5.5, 1.5, 5.5], "texture": "#0"}
			}
		}
	],
	"display": {
		"thirdperson_righthand": {
			"rotation": [90, 90, 0],
			"translation": [0, -2, 1.5]
		},
		"firstperson_righthand": {
			"rotation": [0, -47, 0],
			"translation": [2, 7.75, -1]
		},
		"ground": {
			"rotation": [-90, 0, 0],
			"translation": [0, 3.75, -4.75]
		},
		"gui": {
			"rotation": [25, 45, 0],
			"translation": [0, 7, 0],
			"scale": [1.64, 1.64, 1.64]
		},
		"fixed": {
			"rotation": [-90, 0, 0],
			"translation": [0, 0, -16],
			"scale": [2, 2, 2]
		}
	}
}