{
	"credit": "Made by EPRB",
	"textures": {
		"0": "block/iron_block",
		"2": "block/light_blue_wool",
		"particle": "block/iron_block"
	},
	"elements": [
		{
			"from": [3, -1, 2],
			"to": [13, 1, 14],
			"faces": {
				"north": {"uv": [2, 2, 12, 4], "texture": "#0"},
				"east": {"uv": [2, 2, 14, 4], "texture": "#0"},
				"south": {"uv": [2, 2, 12, 4], "texture": "#0"},
				"west": {"uv": [2, 2, 14, 4], "texture": "#0"},
				"up": {"uv": [2, 2, 12, 14], "texture": "#0"},
				"down": {"uv": [2, 2, 12, 14], "texture": "#0"}
			}
		},
		{
			"from": [4, -0.75, 3],
			"to": [12, 1.25, 12],
			"faces": {
				"north": {"uv": [4, 9, 5, 10], "texture": "#2"},
				"east": {"uv": [4, 9, 5, 10], "texture": "#2"},
				"south": {"uv": [4, 9, 5, 10], "texture": "#2"},
				"west": {"uv": [4, 9, 5, 10], "texture": "#2"},
				"up": {"uv": [4, 9, 5, 10], "texture": "#2"},
				"down": {"uv": [4, 9, 5, 10], "texture": "#2"}
			}
		},
		{
			"from": [7, -0.74, 8],
			"to": [9, 1.26, 9],
			"faces": {
				"north": {"uv": [4, 10, 5, 11], "texture": "#2"},
				"east": {"uv": [4, 10, 5, 11], "texture": "#2"},
				"south": {"uv": [4, 10, 5, 11], "texture": "#2"},
				"west": {"uv": [4, 10, 5, 11], "texture": "#2"},
				"up": {"uv": [4, 10, 5, 11], "texture": "#2"},
				"down": {"uv": [4, 10, 5, 11], "texture": "#2"}
			}
		},
		{
			"from": [10, -0.74, 8],
			"to": [11, 1.26, 9],
			"faces": {
				"north": {"uv": [4, 10, 5, 11], "texture": "#2"},
				"east": {"uv": [4, 10, 5, 11], "texture": "#2"},
				"south": {"uv": [4, 10, 5, 11], "texture": "#2"},
				"west": {"uv": [4, 10, 5, 11], "texture": "#2"},
				"up": {"uv": [4, 10, 5, 11], "texture": "#2"},
				"down": {"uv": [4, 10, 5, 11], "texture": "#2"}
			}
		},
		{
			"from": [5, -0.74, 4],
			"to": [9, 1.26, 5],
			"faces": {
				"north": {"uv": [4, 10, 5, 11], "texture": "#2"},
				"east": {"uv": [4, 10, 5, 11], "texture": "#2"},
				"south": {"uv": [4, 10, 5, 11], "texture": "#2"},
				"west": {"uv": [4, 10, 5, 11], "texture": "#2"},
				"up": {"uv": [4, 10, 5, 11], "texture": "#2"},
				"down": {"uv": [4, 10, 5, 11], "texture": "#2"}
			}
		},
		{
			"from": [5, -0.74, 10],
			"to": [8, 1.26, 11],
			"faces": {
				"north": {"uv": [4, 10, 5, 11], "texture": "#2"},
				"east": {"uv": [4, 10, 5, 11], "texture": "#2"},
				"south": {"uv": [4, 10, 5, 11], "texture": "#2"},
				"west": {"uv": [4, 10, 5, 11], "texture": "#2"},
				"up": {"uv": [4, 10, 5, 11], "texture": "#2"},
				"down": {"uv": [4, 10, 5, 11], "texture": "#2"}
			}
		},
		{
			"from": [5, -0.74, 6],
			"to": [7, 1.26, 7],
			"faces": {
				"north": {"uv": [4, 10, 5, 11], "texture": "#2"},
				"east": {"uv": [4, 10, 5, 11], "texture": "#2"},
				"south": {"uv": [4, 10, 5, 11], "texture": "#2"},
				"west": {"uv": [4, 10, 5, 11], "texture": "#2"},
				"up": {"uv": [4, 10, 5, 11], "texture": "#2"},
				"down": {"uv": [4, 10, 5, 11], "texture": "#2"}
			}
		},
		{
			"from": [8, -0.74, 6],
			"to": [10, 1.26, 7],
			"faces": {
				"north": {"uv": [4, 10, 5, 11], "texture": "#2"},
				"east": {"uv": [4, 10, 5, 11], "texture": "#2"},
				"south": {"uv": [4, 10, 5, 11], "texture": "#2"},
				"west": {"uv": [4, 10, 5, 11], "texture": "#2"},
				"up": {"uv": [4, 10, 5, 11], "texture": "#2"},
				"down": {"uv": [4, 10, 5, 11], "texture": "#2"}
			}
		},
		{
			"from": [10, -0.74, 4],
			"to": [11, 1.26, 5],
			"faces": {
				"north": {"uv": [4, 10, 5, 11], "texture": "#2"},
				"east": {"uv": [4, 10, 5, 11], "texture": "#2"},
				"south": {"uv": [4, 10, 5, 11], "texture": "#2"},
				"west": {"uv": [4, 10, 5, 11], "texture": "#2"},
				"up": {"uv": [4, 10, 5, 11], "texture": "#2"},
				"down": {"uv": [4, 10, 5, 11], "texture": "#2"}
			}
		},
		{
			"from": [5, -0.74, 8],
			"to": [6, 1.26, 9],
			"faces": {
				"north": {"uv": [4, 10, 5, 11], "texture": "#2"},
				"east": {"uv": [4, 10, 5, 11], "texture": "#2"},
				"south": {"uv": [4, 10, 5, 11], "texture": "#2"},
				"west": {"uv": [4, 10, 5, 11], "texture": "#2"},
				"up": {"uv": [4, 10, 5, 11], "texture": "#2"},
				"down": {"uv": [4, 10, 5, 11], "texture": "#2"}
			}
		},
		{
			"from": [7, 0.25, 12.5],
			"to": [9, 1.25, 13.5],
			"faces": {
				"north": {"uv": [0, 5, 1, 3], "rotation": 90, "texture": "#0"},
				"east": {"uv": [0, 3, 1, 4], "rotation": 90, "texture": "#0"},
				"south": {"uv": [0, 3, 1, 5], "rotation": 90, "texture": "#0"},
				"west": {"uv": [0, 4, 1, 5], "rotation": 90, "texture": "#0"},
				"up": {"uv": [0, 3, 1, 5], "rotation": 90, "texture": "#0"},
				"down": {"uv": [0, 3, 1, 5], "rotation": 90, "texture": "#0"}
			}
		}
	],
	"display": {
		"gui": {
			"rotation": [25, -45, 0],
			"translation": [0, 6.25, 0]
		},
		"fixed": {
			"rotation": [-90, 0, 0],
			"translation": [0, 0, -48],
			"scale": [2, 2, 2]
		}
	}
}