{
	"credit": "Made by EPRB",
	"texture_size": [32, 32],
	"textures": {
		"0": "movements:item/totem_of_regeneration",
		"particle": "movements:item/totem_of_regeneration"
	},
	"elements": [
		{
			"from": [4, 3, 5],
			"to": [12, 8, 11],
			"faces": {
				"north": {"uv": [3, 5.5, 7, 8], "texture": "#0"},
				"east": {"uv": [0, 5.5, 3, 8], "texture": "#0"},
				"south": {"uv": [3, 3, 7, 5.5], "texture": "#0"},
				"west": {"uv": [0, 3, 3, 5.5], "texture": "#0"},
				"up": {"uv": [0, 0, 4, 3], "texture": "#0"},
				"down": {"uv": [4, 0, 8, 3], "texture": "#0"}
			}
		},
		{
			"from": [5.5, 0, 6],
			"to": [10.5, 3, 10],
			"faces": {
				"north": {"uv": [6, 12, 8.5, 13.5], "texture": "#0"},
				"east": {"uv": [4, 12, 6, 13.5], "texture": "#0"},
				"south": {"uv": [1.5, 12, 4, 13.5], "texture": "#0"},
				"west": {"uv": [4, 12, 6, 13.5], "texture": "#0"},
				"up": {"uv": [0, 0, 2.5, 2], "texture": "#0"},
				"down": {"uv": [1.5, 13.5, 4, 15.5], "texture": "#0"}
			}
		},
		{
			"from": [5, 8, 5],
			"to": [11, 15, 11],
			"faces": {
				"north": {"uv": [10, 6.5, 13, 10], "texture": "#0"},
				"east": {"uv": [7, 6.5, 10, 10], "texture": "#0"},
				"south": {"uv": [11, 0, 14, 3.5], "texture": "#0"},
				"west": {"uv": [8, 0, 11, 3.5], "texture": "#0"},
				"up": {"uv": [10, 7, 13, 10], "texture": "#0"},
				"down": {"uv": [7, 3.5, 10, 6.5], "texture": "#0"}
			}
		},
		{
			"from": [5, 15, 11],
			"to": [11, 17, 11],
			"faces": {
				"north": {"uv": [5.5, 10, 2.5, 11], "texture": "#0"},
				"east": {"uv": [5.5, 10, 8.5, 11], "texture": "#0"},
				"south": {"uv": [2.5, 10, 5.5, 11], "texture": "#0"},
				"west": {"uv": [3, 10, 6, 11], "texture": "#0"},
				"up": {"uv": [12.5, 12.5, 15.5, 15.5], "texture": "#0"},
				"down": {"uv": [8.5, 12.5, 11.5, 15.5], "texture": "#0"}
			}
		},
		{
			"from": [5, 15, 5],
			"to": [11, 17, 5],
			"faces": {
				"north": {"uv": [8.5, 10, 11.5, 11], "texture": "#0"},
				"east": {"uv": [5.5, 10, 8.5, 11], "texture": "#0"},
				"south": {"uv": [11.5, 10, 8.5, 11], "texture": "#0"},
				"west": {"uv": [3, 10, 6, 11], "texture": "#0"},
				"up": {"uv": [12.5, 12.5, 15.5, 15.5], "texture": "#0"},
				"down": {"uv": [8.5, 12.5, 11.5, 15.5], "texture": "#0"}
			}
		},
		{
			"from": [11, 15, 5],
			"to": [11, 17, 11],
			"faces": {
				"north": {"uv": [8.5, 10, 11.5, 11], "texture": "#0"},
				"east": {"uv": [5.5, 10, 8.5, 11], "texture": "#0"},
				"south": {"uv": [11.5, 10, 8.5, 11], "texture": "#0"},
				"west": {"uv": [3, 10, 6, 11], "texture": "#0"},
				"up": {"uv": [12.5, 12.5, 15.5, 15.5], "texture": "#0"},
				"down": {"uv": [8.5, 12.5, 11.5, 15.5], "texture": "#0"}
			}
		},
		{
			"from": [5, 15, 5],
			"to": [5, 17, 11],
			"faces": {
				"north": {"uv": [8.5, 10, 11.5, 11], "texture": "#0"},
				"east": {"uv": [5.5, 10, 8.5, 11], "texture": "#0"},
				"south": {"uv": [11.5, 10, 8.5, 11], "texture": "#0"},
				"west": {"uv": [2, 10, 5, 11], "texture": "#0"},
				"up": {"uv": [12.5, 12.5, 15.5, 15.5], "texture": "#0"},
				"down": {"uv": [8.5, 12.5, 11.5, 15.5], "texture": "#0"}
			}
		}
	],
	"gui_light": "front",
	"display": {
		"thirdperson_righthand": {
			"rotation": [25, -135, 0],
			"translation": [0, 2.25, 2],
			"scale": [0.5, 0.5, 0.5]
		},
		"thirdperson_lefthand": {
			"rotation": [25, -135, 0],
			"translation": [0, 2.25, 2],
			"scale": [0.5, 0.5, 0.5]
		},
		"firstperson_righthand": {
			"rotation": [-7, -35, 0],
			"translation": [9.5, 0, -9.5]
		},
		"firstperson_lefthand": {
			"rotation": [-7, -35, 0],
			"translation": [9.5, 0, -9.5]
		},
		"ground": {
			"rotation": [-30, -1, 45],
			"scale": [0.5, 0.5, 0.5]
		},
		"gui": {
			"rotation": [25, -45, 0],
			"translation": [0, -0.5, 0],
			"scale": [0.85, 0.85, 0.85]
		},
		"head": {
			"translation": [0, -31.25, 0],
			"scale": [1.5, 1.5, 1.5]
		},
		"fixed": {
			"rotation": [0, 180, 0]
		}
	}
}