{
	"credit": "Made by EPRB",
	"textures": {
		"2": "block/lime_concrete",
		"3": "block/quartz_block_bottom",
		"4": "block/red_concrete",
		"5": "effect/dither",
		"6": "block/cyan_concrete",
		"7": "block/light_blue_concrete",
		"8": "block/green_concrete",
		"9": "item/golden_apple",
		"10": "item/cake",
		"11": "item/crossbow_arrow",
		"12": "item/diamond_sword",
		"13": "block/azalea_top",
		"14": "block/blast_furnace_front",
		"15": "block/blast_furnace_side",
		"16": "block/blast_furnace_top",
		"particle": "block/lime_concrete"
	},
	"elements": [
		{
			"from": [4, 21, 6],
			"to": [15, 22, 16],
			"faces": {
				"north": {"uv": [1, 1, 12, 2], "texture": "#3"},
				"east": {"uv": [1, 1, 11, 2], "texture": "#3"},
				"south": {"uv": [1, 1, 12, 2], "texture": "#3"},
				"west": {"uv": [1, 1, 11, 2], "texture": "#3"},
				"up": {"uv": [1, 1, 12, 11], "texture": "#3"},
				"down": {"uv": [1, 1, 12, 11], "texture": "#3"}
			}
		},
		{
			"from": [4, 15, 6],
			"to": [15, 16, 16],
			"faces": {
				"north": {"uv": [1, 1, 12, 2], "texture": "#3"},
				"east": {"uv": [1, 1, 11, 2], "texture": "#3"},
				"south": {"uv": [1, 1, 12, 2], "texture": "#3"},
				"west": {"uv": [1, 1, 11, 2], "texture": "#3"},
				"up": {"uv": [1, 1, 12, 11], "texture": "#3"},
				"down": {"uv": [1, 1, 12, 11], "texture": "#3"}
			}
		},
		{
			"from": [1, 0, 0],
			"to": [16, 16, 10],
			"faces": {
				"north": {"uv": [0, 0, 16, 16], "texture": "#4"},
				"east": {"uv": [0, 0, 16, 16], "texture": "#4"},
				"south": {"uv": [0, 0, 16, 16], "texture": "#3"},
				"west": {"uv": [0, 0, 16, 16], "texture": "#4"},
				"up": {"uv": [0, 0, 16, 16], "texture": "#4"},
				"down": {"uv": [0, 0, 16, 16], "texture": "#4"}
			}
		},
		{
			"from": [1, 16, 0],
			"to": [16, 31, 10],
			"faces": {
				"north": {"uv": [0, 0, 16, 16], "texture": "#4"},
				"east": {"uv": [0, 0, 5, 16], "texture": "#4"},
				"south": {"uv": [0, 0, 16, 16], "texture": "#3"},
				"west": {"uv": [0, 0, 5, 16], "texture": "#4"},
				"up": {"uv": [0, 0, 16, 5], "texture": "#4"},
				"down": {"uv": [0, 0, 16, 5], "texture": "#4"}
			}
		},
		{
			"from": [1, 16, 5],
			"to": [3, 31, 16],
			"faces": {
				"north": {"uv": [0, 0, 3, 16], "texture": "#4"},
				"east": {"uv": [0, 0, 11, 16], "texture": "#4"},
				"south": {"uv": [0, 0, 3, 16], "texture": "#4"},
				"west": {"uv": [0, 0, 11, 16], "texture": "#4"},
				"up": {"uv": [0, 5, 3, 16], "texture": "#4"},
				"down": {"uv": [0, 0, 3, 11], "texture": "#4"}
			}
		},
		{
			"from": [1, 1, 5],
			"to": [3, 16, 16],
			"faces": {
				"north": {"uv": [0, 0, 3, 16], "texture": "#4"},
				"east": {"uv": [0, 0, 11, 16], "texture": "#4"},
				"south": {"uv": [0, 0, 3, 16], "texture": "#4"},
				"west": {"uv": [0, 0, 11, 16], "texture": "#4"},
				"up": {"uv": [0, 0, 3, 11], "texture": "#4"},
				"down": {"uv": [0, 0, 3, 11], "texture": "#4"}
			}
		},
		{
			"from": [0, 0, 0],
			"to": [1, 16, 17],
			"faces": {
				"north": {"uv": [0, 0, 1, 16], "texture": "#3"},
				"east": {"uv": [0, 0, 16, 16], "texture": "#3"},
				"south": {"uv": [0, 0, 1, 16], "texture": "#3"},
				"west": {"uv": [0, 0, 16, 16], "texture": "#3"},
				"up": {"uv": [0, 0, 1, 16], "texture": "#3"},
				"down": {"uv": [0, 0, 1, 16], "texture": "#3"}
			}
		},
		{
			"from": [0, 16, 0],
			"to": [1, 31, 17],
			"faces": {
				"north": {"uv": [0, 0, 1, 15], "texture": "#3"},
				"east": {"uv": [0, 0, 16, 15], "texture": "#3"},
				"south": {"uv": [0, 0, 1, 15], "texture": "#3"},
				"west": {"uv": [0, 0, 16, 15], "texture": "#3"},
				"up": {"uv": [0, 0, 1, 16], "texture": "#3"},
				"down": {"uv": [0, 0, 1, 16], "texture": "#3"}
			}
		},
		{
			"from": [3, 13, 0],
			"to": [4, 29, 17],
			"faces": {
				"north": {"uv": [0, 0, 1, 15], "texture": "#3"},
				"east": {"uv": [0, 0, 16, 15], "texture": "#3"},
				"south": {"uv": [0, 0, 1, 15], "texture": "#3"},
				"west": {"uv": [0, 0, 16, 15], "texture": "#3"},
				"up": {"uv": [0, 0, 1, 16], "texture": "#3"},
				"down": {"uv": [0, 0, 1, 16], "texture": "#3"}
			}
		},
		{
			"from": [15, 13, 0],
			"to": [16, 29, 17],
			"faces": {
				"north": {"uv": [0, 0, 1, 15], "texture": "#3"},
				"east": {"uv": [0, 0, 16, 15], "texture": "#3"},
				"south": {"uv": [0, 0, 1, 15], "texture": "#3"},
				"west": {"uv": [0, 0, 16, 15], "texture": "#3"},
				"up": {"uv": [0, 0, 1, 16], "texture": "#3"},
				"down": {"uv": [0, 0, 1, 16], "texture": "#3"}
			}
		},
		{
			"from": [17, 9, 16],
			"to": [18, 16, 17],
			"faces": {
				"north": {"uv": [0, 0, 1, 7], "texture": "#3"},
				"east": {"uv": [0, 0, 1, 7], "texture": "#3"},
				"south": {"uv": [0, 0, 1, 7], "texture": "#3"},
				"west": {"uv": [0, 0, 1, 7], "texture": "#3"},
				"up": {"uv": [0, 0, 1, 1], "texture": "#3"},
				"down": {"uv": [0, 0, 1, 1], "texture": "#3"}
			}
		},
		{
			"from": [15, 4, 16],
			"to": [16, 7, 17],
			"faces": {
				"north": {"uv": [0, 0, 1, 3], "texture": "#3"},
				"east": {"uv": [0, 0, 1, 3], "texture": "#3"},
				"south": {"uv": [0, 0, 1, 3], "texture": "#3"},
				"west": {"uv": [0, 0, 1, 3], "texture": "#3"},
				"up": {"uv": [0, 0, 1, 1], "texture": "#3"},
				"down": {"uv": [0, 0, 1, 1], "texture": "#3"}
			}
		},
		{
			"from": [3, 4, 16],
			"to": [4, 7, 17],
			"faces": {
				"north": {"uv": [0, 0, 1, 3], "texture": "#3"},
				"east": {"uv": [0, 0, 1, 3], "texture": "#3"},
				"south": {"uv": [0, 0, 1, 3], "texture": "#3"},
				"west": {"uv": [0, 0, 1, 3], "texture": "#3"},
				"up": {"uv": [0, 0, 1, 1], "texture": "#3"},
				"down": {"uv": [0, 0, 1, 1], "texture": "#3"}
			}
		},
		{
			"from": [17, 17, 16],
			"to": [18, 24, 17],
			"faces": {
				"north": {"uv": [0, 0, 1, 7], "texture": "#3"},
				"east": {"uv": [0, 0, 1, 7], "texture": "#3"},
				"south": {"uv": [0, 0, 1, 7], "texture": "#3"},
				"west": {"uv": [0, 0, 1, 7], "texture": "#3"},
				"up": {"uv": [0, 0, 1, 1], "texture": "#3"},
				"down": {"uv": [0, 0, 1, 1], "texture": "#3"}
			}
		},
		{
			"from": [17, 25, 16],
			"to": [18, 29, 17],
			"faces": {
				"north": {"uv": [0, 0, 1, 4], "texture": "#3"},
				"east": {"uv": [0, 0, 1, 4], "texture": "#3"},
				"south": {"uv": [0, 0, 1, 4], "texture": "#3"},
				"west": {"uv": [0, 0, 1, 4], "texture": "#3"},
				"up": {"uv": [0, 0, 1, 1], "texture": "#3"},
				"down": {"uv": [0, 0, 1, 1], "texture": "#3"}
			}
		},
		{
			"from": [23, 25, 16],
			"to": [24, 29, 17],
			"faces": {
				"north": {"uv": [0, 0, 1, 4], "texture": "#3"},
				"east": {"uv": [0, 0, 1, 4], "texture": "#3"},
				"south": {"uv": [0, 0, 1, 4], "texture": "#3"},
				"west": {"uv": [0, 0, 1, 4], "texture": "#3"},
				"up": {"uv": [0, 0, 1, 1], "texture": "#3"},
				"down": {"uv": [0, 0, 1, 1], "texture": "#3"}
			}
		},
		{
			"from": [23, 9, 16],
			"to": [24, 16, 17],
			"faces": {
				"north": {"uv": [0, 0, 1, 7], "texture": "#3"},
				"east": {"uv": [0, 0, 1, 7], "texture": "#3"},
				"south": {"uv": [0, 0, 1, 7], "texture": "#3"},
				"west": {"uv": [0, 0, 1, 7], "texture": "#3"},
				"up": {"uv": [0, 0, 1, 1], "texture": "#3"},
				"down": {"uv": [0, 0, 1, 1], "texture": "#3"}
			}
		},
		{
			"from": [23, 17, 16],
			"to": [24, 24, 17],
			"faces": {
				"north": {"uv": [0, 0, 1, 7], "texture": "#3"},
				"east": {"uv": [0, 0, 1, 7], "texture": "#3"},
				"south": {"uv": [0, 0, 1, 7], "texture": "#3"},
				"west": {"uv": [0, 0, 1, 7], "texture": "#3"},
				"up": {"uv": [0, 0, 1, 1], "texture": "#3"},
				"down": {"uv": [0, 0, 1, 1], "texture": "#3"}
			}
		},
		{
			"from": [18, 9, 16],
			"to": [23, 10, 17],
			"faces": {
				"north": {"uv": [0, 0, 5, 1], "texture": "#3"},
				"east": {"uv": [0, 0, 1, 1], "texture": "#3"},
				"south": {"uv": [0, 0, 5, 1], "texture": "#3"},
				"west": {"uv": [0, 0, 1, 1], "texture": "#3"},
				"up": {"uv": [0, 0, 5, 1], "texture": "#3"},
				"down": {"uv": [0, 0, 5, 1], "texture": "#3"}
			}
		},
		{
			"from": [3, 7, 16],
			"to": [16, 8, 17],
			"faces": {
				"north": {"uv": [0, 0, 13, 1], "texture": "#3"},
				"east": {"uv": [0, 0, 1, 1], "texture": "#3"},
				"south": {"uv": [0, 0, 13, 1], "texture": "#3"},
				"west": {"uv": [0, 0, 1, 1], "texture": "#3"},
				"up": {"uv": [0, 0, 13, 1], "texture": "#3"},
				"down": {"uv": [0, 0, 13, 1], "texture": "#3"}
			}
		},
		{
			"from": [3, 3, 16],
			"to": [16, 4, 17],
			"faces": {
				"north": {"uv": [0, 0, 13, 1], "texture": "#3"},
				"east": {"uv": [0, 0, 1, 1], "texture": "#3"},
				"south": {"uv": [0, 0, 13, 1], "texture": "#3"},
				"west": {"uv": [0, 0, 1, 1], "texture": "#3"},
				"up": {"uv": [0, 0, 13, 1], "texture": "#3"},
				"down": {"uv": [0, 0, 13, 1], "texture": "#3"}
			}
		},
		{
			"from": [18, 15, 16],
			"to": [23, 16, 17],
			"faces": {
				"north": {"uv": [0, 0, 5, 1], "texture": "#3"},
				"east": {"uv": [0, 0, 1, 1], "texture": "#3"},
				"south": {"uv": [0, 0, 5, 1], "texture": "#3"},
				"west": {"uv": [0, 0, 1, 1], "texture": "#3"},
				"up": {"uv": [0, 0, 5, 1], "texture": "#3"},
				"down": {"uv": [0, 0, 5, 1], "texture": "#3"}
			}
		},
		{
			"from": [18, 17, 16],
			"to": [23, 18, 17],
			"faces": {
				"north": {"uv": [0, 0, 5, 1], "texture": "#3"},
				"east": {"uv": [0, 0, 1, 1], "texture": "#3"},
				"south": {"uv": [0, 0, 5, 1], "texture": "#3"},
				"west": {"uv": [0, 0, 1, 1], "texture": "#3"},
				"up": {"uv": [0, 0, 5, 1], "texture": "#3"},
				"down": {"uv": [0, 0, 5, 1], "texture": "#3"}
			}
		},
		{
			"from": [18, 23, 16],
			"to": [23, 24, 17],
			"faces": {
				"north": {"uv": [0, 0, 5, 1], "texture": "#3"},
				"east": {"uv": [0, 0, 1, 1], "texture": "#3"},
				"south": {"uv": [0, 0, 5, 1], "texture": "#3"},
				"west": {"uv": [0, 0, 1, 1], "texture": "#3"},
				"up": {"uv": [0, 0, 5, 1], "texture": "#3"},
				"down": {"uv": [0, 0, 5, 1], "texture": "#3"}
			}
		},
		{
			"from": [18, 28, 16],
			"to": [23, 29, 17],
			"faces": {
				"north": {"uv": [0, 0, 5, 1], "texture": "#3"},
				"east": {"uv": [0, 0, 1, 1], "texture": "#3"},
				"south": {"uv": [0, 0, 5, 1], "texture": "#3"},
				"west": {"uv": [0, 0, 1, 1], "texture": "#3"},
				"up": {"uv": [0, 0, 5, 1], "texture": "#3"},
				"down": {"uv": [0, 0, 5, 1], "texture": "#3"}
			}
		},
		{
			"from": [18, 25, 16],
			"to": [23, 26, 17],
			"faces": {
				"north": {"uv": [0, 0, 5, 1], "texture": "#3"},
				"east": {"uv": [0, 0, 1, 1], "texture": "#3"},
				"south": {"uv": [0, 0, 5, 1], "texture": "#3"},
				"west": {"uv": [0, 0, 1, 1], "texture": "#3"},
				"up": {"uv": [0, 0, 5, 1], "texture": "#3"},
				"down": {"uv": [0, 0, 5, 1], "texture": "#3"}
			}
		},
		{
			"from": [18, 13, 16],
			"to": [23, 14, 17],
			"faces": {
				"north": {"uv": [0, 0, 5, 1], "texture": "#3"},
				"east": {"uv": [0, 0, 1, 1], "texture": "#3"},
				"south": {"uv": [0, 0, 5, 1], "texture": "#3"},
				"west": {"uv": [0, 0, 1, 1], "texture": "#3"},
				"up": {"uv": [0, 0, 5, 1], "texture": "#3"},
				"down": {"uv": [0, 0, 5, 1], "texture": "#3"}
			}
		},
		{
			"from": [18, 14, 16.01],
			"to": [23, 15, 16.01],
			"faces": {
				"north": {"uv": [0, 0, 5, 1], "texture": "#2"},
				"east": {"uv": [0, 0, 0, 1], "texture": "#2"},
				"south": {"uv": [0, 0, 5, 1], "texture": "#2"},
				"west": {"uv": [0, 0, 0, 1], "texture": "#2"},
				"up": {"uv": [0, 0, 5, 0], "texture": "#2"},
				"down": {"uv": [0, 0, 5, 0], "texture": "#2"}
			}
		},
		{
			"from": [18, 22, 16.01],
			"to": [23, 23, 16.01],
			"faces": {
				"north": {"uv": [0, 0, 5, 1], "texture": "#2"},
				"east": {"uv": [0, 0, 0, 1], "texture": "#2"},
				"south": {"uv": [0, 0, 5, 1], "texture": "#2"},
				"west": {"uv": [0, 0, 0, 1], "texture": "#2"},
				"up": {"uv": [0, 0, 5, 0], "texture": "#2"},
				"down": {"uv": [0, 0, 5, 0], "texture": "#2"}
			}
		},
		{
			"from": [18, 21, 16.01],
			"to": [23, 22, 16.01],
			"faces": {
				"north": {"uv": [0, 0, 5, 1], "texture": "#2"},
				"east": {"uv": [0, 0, 0, 1], "texture": "#2"},
				"south": {"uv": [0, 0, 5, 1], "texture": "#8"},
				"west": {"uv": [0, 0, 0, 1], "texture": "#2"},
				"up": {"uv": [0, 0, 5, 0], "texture": "#2"},
				"down": {"uv": [0, 0, 5, 0], "texture": "#2"}
			}
		},
		{
			"from": [18, 27, 16.01],
			"to": [23, 28, 16.01],
			"faces": {
				"north": {"uv": [0, 0, 5, 1], "texture": "#2"},
				"east": {"uv": [0, 0, 0, 1], "texture": "#2"},
				"south": {"uv": [0, 0, 5, 1], "texture": "#7"},
				"west": {"uv": [0, 0, 0, 1], "texture": "#2"},
				"up": {"uv": [0, 0, 5, 0], "texture": "#2"},
				"down": {"uv": [0, 0, 5, 0], "texture": "#2"}
			}
		},
		{
			"from": [18, 26, 16.01],
			"to": [23, 27, 16.01],
			"faces": {
				"north": {"uv": [0, 0, 5, 1], "texture": "#2"},
				"east": {"uv": [0, 0, 0, 1], "texture": "#2"},
				"south": {"uv": [0, 0, 5, 1], "texture": "#6"},
				"west": {"uv": [0, 0, 0, 1], "texture": "#2"},
				"up": {"uv": [0, 0, 5, 0], "texture": "#2"},
				"down": {"uv": [0, 0, 5, 0], "texture": "#2"}
			}
		},
		{
			"from": [18, 20, 16.01],
			"to": [23, 21, 16.01],
			"faces": {
				"north": {"uv": [0, 0, 5, 1], "texture": "#2"},
				"east": {"uv": [0, 0, 0, 1], "texture": "#2"},
				"south": {"uv": [0, 0, 5, 1], "texture": "#7"},
				"west": {"uv": [0, 0, 0, 1], "texture": "#2"},
				"up": {"uv": [0, 0, 5, 0], "texture": "#2"},
				"down": {"uv": [0, 0, 5, 0], "texture": "#2"}
			}
		},
		{
			"from": [18, 19, 16.01],
			"to": [23, 20, 16.01],
			"faces": {
				"north": {"uv": [0, 0, 5, 1], "texture": "#2"},
				"east": {"uv": [0, 0, 0, 1], "texture": "#2"},
				"south": {"uv": [0, 0, 5, 1], "texture": "#6"},
				"west": {"uv": [0, 0, 0, 1], "texture": "#2"},
				"up": {"uv": [0, 0, 5, 0], "texture": "#2"},
				"down": {"uv": [0, 0, 5, 0], "texture": "#2"}
			}
		},
		{
			"from": [22, 10, 16.01],
			"to": [23, 13, 16.01],
			"faces": {
				"north": {"uv": [0, 0, 1, 3], "texture": "#5"},
				"east": {"uv": [0, 0, 0, 3], "texture": "#5"},
				"south": {"uv": [0, 0, 4, 12], "texture": "#5"},
				"west": {"uv": [0, 0, 0, 3], "texture": "#5"},
				"up": {"uv": [0, 0, 1, 0], "texture": "#5"},
				"down": {"uv": [0, 0, 1, 0], "texture": "#5"}
			}
		},
		{
			"from": [18, 10, 16.01],
			"to": [22, 13, 16.01],
			"faces": {
				"north": {"uv": [0, 0, 5, 3], "texture": "#5"},
				"east": {"uv": [0, 0, 0, 3], "texture": "#5"},
				"south": {"uv": [0, 0, 16, 12], "texture": "#5"},
				"west": {"uv": [0, 0, 0, 3], "texture": "#5"},
				"up": {"uv": [0, 0, 5, 0], "texture": "#5"},
				"down": {"uv": [0, 0, 5, 0], "texture": "#5"}
			}
		},
		{
			"from": [4, 4, 16.01],
			"to": [15, 7, 16.01],
			"faces": {
				"north": {"uv": [0, 0, 5, 3], "texture": "#5"},
				"east": {"uv": [0, 0, 0, 3], "texture": "#5"},
				"south": {"uv": [0, 0, 4, 4], "texture": "#5"},
				"west": {"uv": [0, 0, 0, 3], "texture": "#5"},
				"up": {"uv": [0, 0, 5, 0], "texture": "#5"},
				"down": {"uv": [0, 0, 5, 0], "texture": "#5"}
			}
		},
		{
			"from": [15, 9, 0],
			"to": [16, 13, 17],
			"faces": {
				"north": {"uv": [0, 0, 1, 4], "texture": "#3"},
				"east": {"uv": [0, 0, 16, 4], "texture": "#3"},
				"south": {"uv": [0, 0, 1, 4], "texture": "#3"},
				"west": {"uv": [0, 0, 16, 4], "texture": "#3"},
				"up": {"uv": [0, 0, 1, 16], "texture": "#3"},
				"down": {"uv": [0, 0, 1, 16], "texture": "#3"}
			}
		},
		{
			"from": [4, 9, 0],
			"to": [15, 10, 17],
			"faces": {
				"north": {"uv": [0, 0, 11, 1], "texture": "#3"},
				"east": {"uv": [0, 0, 16, 1], "texture": "#3"},
				"south": {"uv": [0, 0, 11, 1], "texture": "#3"},
				"west": {"uv": [0, 0, 16, 1], "texture": "#3"},
				"up": {"uv": [0, 0, 11, 16], "texture": "#3"},
				"down": {"uv": [0, 0, 11, 16], "texture": "#3"}
			}
		},
		{
			"from": [4, 28, 0],
			"to": [15, 29, 17],
			"faces": {
				"north": {"uv": [0, 0, 11, 1], "texture": "#3"},
				"east": {"uv": [0, 0, 16, 1], "texture": "#3"},
				"south": {"uv": [0, 0, 11, 1], "texture": "#3"},
				"west": {"uv": [0, 0, 16, 1], "texture": "#3"},
				"up": {"uv": [0, 0, 11, 16], "texture": "#3"},
				"down": {"uv": [0, 0, 11, 16], "texture": "#3"}
			}
		},
		{
			"from": [3, 9, 0],
			"to": [4, 13, 17],
			"faces": {
				"north": {"uv": [0, 0, 1, 4], "texture": "#3"},
				"east": {"uv": [0, 0, 16, 4], "texture": "#3"},
				"south": {"uv": [0, 0, 1, 4], "texture": "#3"},
				"west": {"uv": [0, 0, 16, 4], "texture": "#3"},
				"up": {"uv": [0, 0, 1, 16], "texture": "#3"},
				"down": {"uv": [0, 0, 1, 16], "texture": "#3"}
			}
		},
		{
			"from": [3, 29, 5],
			"to": [16, 31, 16],
			"faces": {
				"north": {"uv": [0, 0, 13, 3], "texture": "#4"},
				"east": {"uv": [0, 0, 11, 3], "texture": "#4"},
				"south": {"uv": [3, 0, 16, 3], "texture": "#4"},
				"west": {"uv": [0, 0, 11, 3], "texture": "#4"},
				"up": {"uv": [3, 5, 16, 16], "texture": "#4"},
				"down": {"uv": [0, 0, 13, 11], "texture": "#4"}
			}
		},
		{
			"from": [3, 1, 5],
			"to": [16, 9, 16],
			"faces": {
				"north": {"uv": [0, 0, 13, 9], "texture": "#4"},
				"east": {"uv": [0, 0, 11, 9], "texture": "#4"},
				"south": {"uv": [3, 7, 16, 16], "texture": "#4"},
				"west": {"uv": [0, 0, 11, 9], "texture": "#4"},
				"up": {"uv": [0, 0, 13, 11], "texture": "#4"},
				"down": {"uv": [0, 0, 13, 11], "texture": "#4"}
			}
		},
		{
			"from": [1, 0, 5],
			"to": [16, 1, 17],
			"faces": {
				"north": {"uv": [0, 0, 15, 1], "texture": "#3"},
				"east": {"uv": [0, 0, 12, 1], "texture": "#3"},
				"south": {"uv": [3, 7, 18, 8], "texture": "#3"},
				"west": {"uv": [0, 0, 12, 1], "texture": "#3"},
				"up": {"uv": [0, 0, 15, 12], "texture": "#3"},
				"down": {"uv": [0, 0, 15, 12], "texture": "#3"}
			}
		},
		{
			"from": [16, 0, 5],
			"to": [25, 1, 17],
			"faces": {
				"north": {"uv": [0, 0, 9, 1], "texture": "#3"},
				"east": {"uv": [0, 0, 12, 1], "texture": "#3"},
				"south": {"uv": [3, 7, 12, 8], "texture": "#3"},
				"west": {"uv": [0, 0, 12, 1], "texture": "#3"},
				"up": {"uv": [0, 0, 9, 12], "texture": "#3"},
				"down": {"uv": [0, 0, 9, 12], "texture": "#3"}
			}
		},
		{
			"from": [10, 0, 5],
			"to": [19, 1, 17],
			"faces": {
				"north": {"uv": [0, 0, 9, 1], "texture": "#3"},
				"east": {"uv": [0, 0, 12, 1], "texture": "#3"},
				"south": {"uv": [3, 7, 12, 8], "texture": "#3"},
				"west": {"uv": [0, 0, 12, 1], "texture": "#3"},
				"up": {"uv": [0, 0, 9, 12], "texture": "#3"},
				"down": {"uv": [0, 0, 9, 12], "texture": "#3"}
			}
		},
		{
			"from": [16, 1, 0],
			"to": [25, 16, 16],
			"faces": {
				"north": {"uv": [6, 0, 16, 16], "texture": "#4"},
				"east": {"uv": [0, 0, 16, 16], "texture": "#4"},
				"south": {"uv": [0, 0, 10, 16], "texture": "#4"},
				"west": {"uv": [0, 0, 16, 16], "texture": "#4"},
				"up": {"uv": [0, 0, 10, 16], "texture": "#4"},
				"down": {"uv": [0, 0, 10, 16], "texture": "#4"}
			}
		},
		{
			"from": [25, 0, 0],
			"to": [26, 16, 17],
			"faces": {
				"north": {"uv": [6, 0, 7, 16], "texture": "#3"},
				"east": {"uv": [0, 0, 16, 16], "texture": "#3"},
				"south": {"uv": [0, 0, 1, 16], "texture": "#3"},
				"west": {"uv": [0, 0, 16, 16], "texture": "#3"},
				"up": {"uv": [0, 0, 1, 16], "texture": "#3"},
				"down": {"uv": [0, 0, 1, 16], "texture": "#3"}
			}
		},
		{
			"from": [25.01, 16, 1],
			"to": [26.01, 31, 16],
			"faces": {
				"north": {"uv": [6, 0, 7, 16], "texture": "#4"},
				"east": {"uv": [0, 0, 16, 16], "texture": "#4"},
				"south": {"uv": [0, 0, 1, 16], "texture": "#4"},
				"west": {"uv": [0, 0, 16, 16], "texture": "#4"},
				"up": {"uv": [0, 0, 1, 16], "texture": "#4"},
				"down": {"uv": [0, 0, 1, 16], "texture": "#4"}
			}
		},
		{
			"from": [25.01, 1, 1],
			"to": [26.01, 16, 16],
			"faces": {
				"north": {"uv": [6, 0, 7, 16], "texture": "#4"},
				"east": {"uv": [0, 0, 16, 16], "texture": "#4"},
				"south": {"uv": [0, 0, 1, 16], "texture": "#4"},
				"west": {"uv": [0, 0, 16, 16], "texture": "#4"},
				"up": {"uv": [0, 0, 1, 16], "texture": "#4"},
				"down": {"uv": [0, 0, 1, 16], "texture": "#4"}
			}
		},
		{
			"from": [25, 16, 0],
			"to": [26, 32, 17],
			"faces": {
				"north": {"uv": [6, 0, 7, 16], "texture": "#3"},
				"east": {"uv": [0, 0, 16, 16], "texture": "#3"},
				"south": {"uv": [0, 0, 1, 16], "texture": "#3"},
				"west": {"uv": [0, 0, 16, 16], "texture": "#3"},
				"up": {"uv": [0, 0, 1, 16], "texture": "#3"},
				"down": {"uv": [0, 0, 1, 16], "texture": "#3"}
			}
		},
		{
			"from": [16, 16, 0],
			"to": [25, 31, 16],
			"faces": {
				"north": {"uv": [6, 0, 16, 16], "texture": "#4"},
				"east": {"uv": [0, 0, 16, 16], "texture": "#4"},
				"south": {"uv": [0, 0, 10, 16], "texture": "#4"},
				"west": {"uv": [0, 0, 16, 16], "texture": "#4"},
				"up": {"uv": [0, 0, 10, 16], "texture": "#4"},
				"down": {"uv": [0, 0, 10, 16], "texture": "#4"}
			}
		},
		{
			"from": [16, 31, 0],
			"to": [25, 31.99, 17],
			"faces": {
				"north": {"uv": [6, 0, 15, 1], "texture": "#3"},
				"east": {"uv": [0, 0, 16, 1], "texture": "#3"},
				"south": {"uv": [0, 0, 9, 1], "texture": "#3"},
				"west": {"uv": [0, 0, 16, 1], "texture": "#3"},
				"up": {"uv": [0, 0, 9, 16], "texture": "#3"},
				"down": {"uv": [0, 0, 9, 16], "texture": "#3"}
			}
		},
		{
			"from": [1, 31, 1],
			"to": [16, 32, 16],
			"faces": {
				"north": {"uv": [6, 0, 21, 1], "texture": "#4"},
				"east": {"uv": [0, 0, 15, 1], "texture": "#4"},
				"south": {"uv": [0, 0, 15, 1], "texture": "#4"},
				"west": {"uv": [0, 0, 15, 1], "texture": "#4"},
				"up": {"uv": [0, 0, 15, 15], "texture": "#4"},
				"down": {"uv": [0, 0, 15, 15], "texture": "#4"}
			}
		},
		{
			"from": [16, 31, 1],
			"to": [25, 32, 16],
			"faces": {
				"north": {"uv": [6, 0, 15, 1], "texture": "#4"},
				"east": {"uv": [0, 0, 15, 1], "texture": "#4"},
				"south": {"uv": [0, 0, 9, 1], "texture": "#4"},
				"west": {"uv": [0, 0, 15, 1], "texture": "#4"},
				"up": {"uv": [0, 0, 9, 15], "texture": "#4"},
				"down": {"uv": [0, 0, 9, 15], "texture": "#4"}
			}
		},
		{
			"from": [0, 31, 0],
			"to": [16, 31.99, 17],
			"faces": {
				"north": {"uv": [6, 0, 22, 1], "texture": "#3"},
				"east": {"uv": [0, 0, 16, 1], "texture": "#3"},
				"south": {"uv": [0, 0, 16, 1], "texture": "#3"},
				"west": {"uv": [0, 0, 16, 1], "texture": "#3"},
				"up": {"uv": [0, 0, 16, 16], "texture": "#3"},
				"down": {"uv": [0, 0, 16, 16], "texture": "#3"}
			}
		},
		{
			"from": [5, 22, 13],
			"to": [9, 26, 13],
			"faces": {
				"north": {"uv": [0, 0, 16, 16], "texture": "#9"},
				"east": {"uv": [0, 0, 16, 16], "texture": "#9"},
				"south": {"uv": [0, 0, 16, 16], "texture": "#9"},
				"west": {"uv": [0, 0, 16, 16], "texture": "#9"},
				"up": {"uv": [0, 0, 16, 16], "texture": "#9"},
				"down": {"uv": [0, 0, 16, 16], "texture": "#9"}
			}
		},
		{
			"from": [5, 22, 13.1],
			"to": [9, 26, 13.1],
			"faces": {
				"north": {"uv": [0, 0, 16, 16], "texture": "#9"},
				"east": {"uv": [0, 0, 16, 16], "texture": "#9"},
				"south": {"uv": [0, 0, 16, 16], "texture": "#9"},
				"west": {"uv": [0, 0, 16, 16], "texture": "#9"},
				"up": {"uv": [0, 0, 16, 16], "texture": "#9"},
				"down": {"uv": [0, 0, 16, 16], "texture": "#9"}
			}
		},
		{
			"from": [5, 22, 13.2],
			"to": [9, 26, 13.2],
			"faces": {
				"north": {"uv": [0, 0, 16, 16], "texture": "#9"},
				"east": {"uv": [0, 0, 16, 16], "texture": "#9"},
				"south": {"uv": [0, 0, 16, 16], "texture": "#9"},
				"west": {"uv": [0, 0, 16, 16], "texture": "#9"},
				"up": {"uv": [0, 0, 16, 16], "texture": "#9"},
				"down": {"uv": [0, 0, 16, 16], "texture": "#9"}
			}
		},
		{
			"from": [10, 22, 13],
			"to": [14, 26, 13],
			"faces": {
				"north": {"uv": [0, 0, 16, 16], "texture": "#9"},
				"east": {"uv": [0, 0, 16, 16], "texture": "#9"},
				"south": {"uv": [0, 0, 16, 16], "texture": "#10"},
				"west": {"uv": [0, 0, 16, 16], "texture": "#9"},
				"up": {"uv": [0, 0, 16, 16], "texture": "#9"},
				"down": {"uv": [0, 0, 16, 16], "texture": "#9"}
			}
		},
		{
			"from": [10, 22, 13.1],
			"to": [14, 26, 13.1],
			"faces": {
				"north": {"uv": [0, 0, 16, 16], "texture": "#9"},
				"east": {"uv": [0, 0, 16, 16], "texture": "#9"},
				"south": {"uv": [0, 0, 16, 16], "texture": "#10"},
				"west": {"uv": [0, 0, 16, 16], "texture": "#9"},
				"up": {"uv": [0, 0, 16, 16], "texture": "#9"},
				"down": {"uv": [0, 0, 16, 16], "texture": "#9"}
			}
		},
		{
			"from": [10, 22, 13.2],
			"to": [14, 26, 13.2],
			"faces": {
				"north": {"uv": [0, 0, 16, 16], "texture": "#9"},
				"east": {"uv": [0, 0, 16, 16], "texture": "#9"},
				"south": {"uv": [0, 0, 16, 16], "texture": "#10"},
				"west": {"uv": [0, 0, 16, 16], "texture": "#9"},
				"up": {"uv": [0, 0, 16, 16], "texture": "#9"},
				"down": {"uv": [0, 0, 16, 16], "texture": "#9"}
			}
		},
		{
			"from": [10, 16, 13],
			"to": [14, 20, 13],
			"faces": {
				"north": {"uv": [0, 0, 16, 16], "texture": "#9"},
				"east": {"uv": [0, 0, 16, 16], "texture": "#9"},
				"south": {"uv": [0, 0, 16, 16], "texture": "#11"},
				"west": {"uv": [0, 0, 16, 16], "texture": "#9"},
				"up": {"uv": [0, 0, 16, 16], "texture": "#9"},
				"down": {"uv": [0, 0, 16, 16], "texture": "#9"}
			}
		},
		{
			"from": [10, 16, 13.1],
			"to": [14, 20, 13.1],
			"faces": {
				"north": {"uv": [0, 0, 16, 16], "texture": "#9"},
				"east": {"uv": [0, 0, 16, 16], "texture": "#9"},
				"south": {"uv": [0, 0, 16, 16], "texture": "#11"},
				"west": {"uv": [0, 0, 16, 16], "texture": "#9"},
				"up": {"uv": [0, 0, 16, 16], "texture": "#9"},
				"down": {"uv": [0, 0, 16, 16], "texture": "#9"}
			}
		},
		{
			"from": [10, 16, 13.2],
			"to": [14, 20, 13.2],
			"faces": {
				"north": {"uv": [0, 0, 16, 16], "texture": "#9"},
				"east": {"uv": [0, 0, 16, 16], "texture": "#9"},
				"south": {"uv": [0, 0, 16, 16], "texture": "#11"},
				"west": {"uv": [0, 0, 16, 16], "texture": "#9"},
				"up": {"uv": [0, 0, 16, 16], "texture": "#9"},
				"down": {"uv": [0, 0, 16, 16], "texture": "#9"}
			}
		},
		{
			"from": [5, 16, 13],
			"to": [9, 20, 13],
			"faces": {
				"north": {"uv": [0, 0, 16, 16], "texture": "#9"},
				"east": {"uv": [0, 0, 16, 16], "texture": "#9"},
				"south": {"uv": [0, 0, 16, 16], "texture": "#12"},
				"west": {"uv": [0, 0, 16, 16], "texture": "#9"},
				"up": {"uv": [0, 0, 16, 16], "texture": "#9"},
				"down": {"uv": [0, 0, 16, 16], "texture": "#9"}
			}
		},
		{
			"from": [5, 16, 13.1],
			"to": [9, 20, 13.1],
			"faces": {
				"north": {"uv": [0, 0, 16, 16], "texture": "#9"},
				"east": {"uv": [0, 0, 16, 16], "texture": "#9"},
				"south": {"uv": [0, 0, 16, 16], "texture": "#12"},
				"west": {"uv": [0, 0, 16, 16], "texture": "#9"},
				"up": {"uv": [0, 0, 16, 16], "texture": "#9"},
				"down": {"uv": [0, 0, 16, 16], "texture": "#9"}
			}
		},
		{
			"from": [5, 16, 13.2],
			"to": [9, 20, 13.2],
			"faces": {
				"north": {"uv": [0, 0, 16, 16], "texture": "#9"},
				"east": {"uv": [0, 0, 16, 16], "texture": "#9"},
				"south": {"uv": [0, 0, 16, 16], "texture": "#12"},
				"west": {"uv": [0, 0, 16, 16], "texture": "#9"},
				"up": {"uv": [0, 0, 16, 16], "texture": "#9"},
				"down": {"uv": [0, 0, 16, 16], "texture": "#9"}
			}
		},
		{
			"from": [5.25, 10.5, 13.25],
			"to": [8.25, 13.5, 16.25],
			"rotation": {"angle": 45, "axis": "y", "origin": [6, 10, 14]},
			"faces": {
				"north": {"uv": [0, 0, 16, 16], "texture": "#13"},
				"east": {"uv": [0, 0, 16, 16], "texture": "#13"},
				"south": {"uv": [0, 0, 16, 16], "texture": "#13"},
				"west": {"uv": [0, 0, 16, 16], "texture": "#13"},
				"up": {"uv": [0, 0, 16, 16], "texture": "#13"},
				"down": {"uv": [0, 0, 16, 16], "texture": "#13"}
			}
		},
		{
			"from": [8.75, 10.5, 17.25],
			"to": [11.75, 13.5, 20.25],
			"rotation": {"angle": 45, "axis": "y", "origin": [6, 10, 14]},
			"faces": {
				"north": {"uv": [0, 0, 16, 16], "texture": "#15"},
				"east": {"uv": [0, 0, 16, 16], "texture": "#15"},
				"south": {"uv": [0, 0, 16, 16], "texture": "#14"},
				"west": {"uv": [0, 0, 16, 16], "texture": "#15"},
				"up": {"uv": [0, 0, 16, 16], "texture": "#16"},
				"down": {"uv": [0, 0, 16, 16], "texture": "#15"}
			}
		}
	],
	"display": {
		"thirdperson_righthand": {
			"translation": [0, 1.75, -2.75],
			"scale": [0.1, 1, 1]
		},
		"firstperson_righthand": {
			"rotation": [-11, -45, 0],
			"translation": [6.5, -0.75, -9],
			"scale": [0.4, 0.4, 0.4]
		},
		"gui": {
			"rotation": [25, -45, 0],
			"translation": [-1.5, -2, 0],
			"scale": [0.37, 0.37, 0.37]
		},
		"fixed": {
			"rotation": [-90, 0, 0],
			"translation": [0.01, 0.01, -48.01],
			"scale": [2, 2, 2]
		}
	},
	"groups": [
		0,
		1,
		2,
		3,
		4,
		5,
		6,
		7,
		8,
		9,
		10,
		11,
		12,
		13,
		14,
		15,
		16,
		17,
		18,
		19,
		20,
		21,
		22,
		23,
		24,
		25,
		26,
		27,
		28,
		29,
		30,
		31,
		32,
		33,
		34,
		35,
		36,
		37,
		38,
		39,
		40,
		41,
		42,
		43,
		44,
		45,
		46,
		47,
		48,
		49,
		50,
		51,
		52,
		53,
		54,
		55,
		{
			"name": "group",
			"origin": [8, 8, 8],
			"color": 0,
			"children": [56, 57, 58]
		},
		{
			"name": "group",
			"origin": [8, 8, 8],
			"color": 0,
			"children": [59, 60, 61]
		},
		{
			"name": "group",
			"origin": [8, 8, 8],
			"color": 0,
			"children": [62, 63, 64]
		},
		{
			"name": "group",
			"origin": [8, 8, 8],
			"color": 0,
			"children": [65, 66, 67, 68, 69]
		}
	]
}